S. No.,text,task_1
1,তবে শুনলাম মমতা ব্যানার্জি কোটা পদ্ধতি তুলে দিয়েছে তাহলে ব্রাত্য বসুর মুখে কোটা কেন? এটা কথার কথা? তাহলে কোটা নিয়ে প্রাক্তন মুখ্যমন্ত্রীকে কটাক্ষ কেন?,NOT
2,"প্রত্যেক দলের প্রত্যেক মন্ত্রী এমএলএ, এমপি, এদের একটা নিজস্ব কোটা আছে, সেই কোটায় তারা যাকে খুশি চাকরি দিতে পারেন, এবং চিরকাল এনারা সবাই এভাবে চাকরি দিয়েও এসেছেন। এ বরাবরই ছিল আমাদের সংবিধানে, আজও আছে। এবং স্বাভাবিকভাবে যে যেই দলের এমপি বা এমএলএ সে তো তার নিজের দলের ছেলেমেয়েদেরই তার কোটার চাকরি দেবে। যে দল ভোটে জেতে তার দলের লোকের থেকেই কাউকে মুখ্যমন্ত্রী বা প্রধানমন্ত্রী করা হয়, নিশ্চয়ই যে দল ভোটে জেতে সে নিজে সরে দাঁড়িয়ে তার অন্য দলকে মন্ত্রী করার অধিকার দেয় না, এরকম ঘটনা ঘটেছে কি??? তাহলে এই কথাটার মধ্যে এত কি ভুল বা অন্যায় আছে। এটা তো বরাবর সব দলেরই এমপি এমএল এরা করে এসেছে। আর এটাই স্বাভাবিক তার কোটার চাকরি সে তার দলের ছেলেমেয়েদেরই দেবে। তাহলে আইনটাকে পাল্টাতে হবে যে কোন এমএলএ এমপি এদের নিজস্ব কোন কোটা থাকবে না।",NOT
3,"বিশ্ব জুড়ে বুদ্ধিজীবিদের সঙ্গে সম্পর্ক থাকে বিশ্ববিদ্যালয়,সেমিনার, পাবলিশিং হাউস ও মিডিয়ার। বাংলায় দেখছি গরু চোরাকারবারিদের সাথে বুদ্ধিজীবীরা সম্পর্ক গড়ে তোলেছে,।ভয় পাচ্ছি এরা না বলে বসে অর্থনীতির নতুন দিগন্ত খুলে দিয়েছে গরু চোরেরা তাই নোবেল প্রাইজ দিতে হবে। চোরেদের বেরেন কিন্ত জব্বর!",HOF
4,"প্রতি বছর শত শত মানুষ হত্যা করছে সীমান্তে গণতান্ত্রিক আর আইনের শাসনের দেশ ভারতের সীমান্তরক্ষীরা। পৃথিবীর কোন সভ্য দেশের সীমান্তে মানুষ মানুষকে গুলি করে হত্যা করে না । ইউরোপের অষ্ট্রিয়া থেকে পর্তুগাল পর্যন্ত গাড়ি চালিয়ে যেতে পারেন, কেও আপনাকে কিছু জিজ্ঞেস করার জন্য কোন সীমান্তে দাঁড় করাবে না । কোন যায়গায় সীমান্ত পার হওয়ার অনেক পরে বুঝতে পারবেন যে আপনি অন্য দেশে আছেন , যখন দেখবেন সাইনবোর্ডের ভাষা বদলে গেছে তখন বুঝতে পারবেন যে আপনি সীমান্ত ক্রস করেছেন । আমরা কবে মানুষ হব ?",NOT
5,সমাজের সবথেকে দূষিত মানুষ এরাই খারাপ করে দেয় সমাজকে ছি ছি ছি,HOF
6,"যারা প্রেরণার কথার মানে বুঝতে পারেনি তাদের সেই মানে বোঝার জন্য ওর কাছে ই যেতে হবে খুব ঠাণ্ডা মস্তিস্ক নিয়ে ,ও খুব ভালো বোঝাতে পারবে আমার ধারণা অবশ্যই তারা যদি সুস্থ মানষিকতার হয়",NOT
7,কন্ডম দিদি😅😅,HOF
8,কেন বড় বড় কথা কোথায় গেল,NOT
9,এখন পদে আছিস যা পারিস কর,NOT
10,"অপদার্থ চাকরিটা তোর দলের নয়, সরকারি । বেতন-ভাতা সরকারের তহবিল থেকে দেয়া হয়,তোর চোরের দলের তহবিল থেকে নয় ।",HOF
11,এটা আগে সিপিআইএম এর খাস লোক ছিল...চাকরি তে নাম লিখয়ে মাসে মাসে বেতন নিত কাজ করত না..নাটক করে বেড়াতো..তারপর হাওয়া বুঝে দল পাল্টে তৃণমূলে গিয়ে ঢুকে মন্ত্রী হয়ে বাত মারছে..এক নম্বরের সুবিধাবাদী লোক।,HOF
12,পঞ্চায়েত জিতেছিস 🤣🤣🤣🤣 তোরা তো নতুন প্রকল্প এনেছিস ছাপ্পাশ্রী। সঠিক ভোট করে দেখা। ক্ষমতা থাকলে,HOF
13,সাংবাদিকদের ও কাজ নেই মাতাল গুলো কে দেখানোর কি আছে,HOF
14,"নিজের বুথ শক্তিশালী হলেই এইধরনের মিথ্যা দোষারোপ বন্ধ হবে । নচেত্ , বুথের ঝামেলা মারামারি সামলানোর জন্য সেই দলদাস পুলিশের মুখাপেক্ষী হয়ে বসে থেকে নিরাশ হলে তখন সেই দোষারোপটা দলীয় জেলা নেতৃত্বের উপর চাপিয়ে দেওয়া ছাড়া আর উপায় থাকে না ।।",NOT
15,এদের মতন বর্বর দের কিছু বলার নেই,NOT
16,দিল্লি ভ্রমণের পর সিদ্ধান্ত,NOT
17,গিনিপিগ রাখলে ভালো হতো। দেশী ইদুর+ বিলিতি ইদুর একসাথে,NOT
18,তোমরাই নাকি রাজ্যের বিশেষ ব্যাক্তি !,NOT
19,ভোটটা নেওয়ার সময় বাড়ি বাড়ি যাবেন আর চাকরিটা চামচাদের দেবেন।,HOF
20,কালীর হাত আছে পা আছে কারণ তার অস্তিত্ব আছে। যার কোনো অস্তিত্ব নেই কেবল কল্পনার দ্বারা সৃষ্ট একটি প্রতিষ্ঠান তারা কী বুঝবে তার অস্তিত্বের প্রমাণ,NOT
21,"আপনার কথার ভাবধারা খুব ভালো। কিন্তু প্রকৃত বাস্তব হোল  "" রদ্দুর রায়""। এটাই সত্যি।আর একটা বিষয় হলো -- আপনি কতটুকু বাস্তবের সম্মুখীন হচ্ছেন এটা বড় বিষয়। আমরা সাধারণ মানুষ,আর ভদ্র লোক আমাদের দেখেছেন বা রোজ দেখছেন এবং ওনার দুঃখ হচ্ছে -- এটাই সবচেয়ে বড় বিষয়।   এটা continue হওয়া উচিত।  যদি সমাজ-পতিদের টনক নড়ে ।  ধন্যবাদ ---- ।",NOT
22,এই শুওরের বাচ্চার ফাঁসি দেওয়া দরকার,HOF
23,মাগো তুমি মান আর হুশ নিয়ে অনেক বড়ো হও।❤️❤️❤️,NOT
24,"হ্যাঁ, চাকরী ওনার বংশানুক্রমিক অধিকার তো......সাহিত্যিক ব্রাত্য বসু কে কুর্ণিশ, রাজনৈতিক ব্যক্তিত্ব হিসেবে শূন্য দিলাম, মহামান্য কে আমি 'ঙ ' দিলাম।",NOT
25,মনে হচ্ছে যেনো বড় দিদি আর ছোট ভাই,NOT
26,"দিদি তুমি একদিন আমার সঙ্গে দেখা করো, তোমার যত প্রশ্ন আছে সকল কিছুর উত্তর দিয়ে দেবো",NOT
27,"এরা কারা,,বাংলার লজ্জা ।",HOF
28,"কারো মন খারাপ হলে অত্তাধুনিক চপ শিল্পের উদভাবক মমতা পিসির ভাষণ শুনুন ,আর দেখুন বাংলা টাকে কিভাবে পারমাণবিক চুল্লিতে পরিনত করছে।",NOT
29,শিক্ষিত ছেলে. মেয়েরা রাস্তা য় শুয়ে দিন কাটাবেন আর তৃণমূল কংগ্রেস দল করলেই চাকরি পাবেন। আর কোন যোগ্যতা থাক বা না থাক । এই ভদ্রলোক কি করে এখন ও জেলের বাইরে বুঝতে পারছি না।,HOF
30,চাকরিটা তো ওর মা বাপ চোদানো চাকরি তাই যাকে মোন হবে তাকে দেবে,HOF
31,"আমি চীন ভালোবাসি, ভাবছি চলে যাবো। তোমরা একটু চাঁদা তুলে টিকিট করে দেবে ? একজন দেশদ্রোহী কমে যাবে এই আনন্দে ..😄",NOT
32,ঝাঁপ মারলে তাড়াতাড়ি মারুন। অযথা নেট খরচ করাবেন না কাকু,HOF
33,মাটি কাটতে কে বেশি ভালো পারে মদন না শোভন ওদের মাপ গুলা কত,HOF
34,"কত সুন্দর ভাবে গুছিয়ে কথা বলছে, সত্যি তোমার থেকে অনেক কিছু শেখার আছে। আমি কখনো বোধহয় এই রকম ভাবে কথা বলতে পারব না। তুমি অনেক দূর এগিয়ে চল।❤️",NOT
35,আজব শিক্ষা মন্ত্রী.... মদ খেয়ে থাকে সবসময় আমরা জানি। সালা মাতাল।,HOF
36,এদের আন্দোলনটা কি জন্য।তখন আমরা জন্মগ্রহণ করেনি শুনেছি কংগ্রেসের আমলে দুর্ভিক্ষের সময় ঘাম থেকে শহরে খাওয়ার নিয়ে যাওয়া নিষিদ্ধ করা হয়েছিল সেই সময় পুলিশ কিছুটা বাড়াবাড়ি করেছে মহিলাদের গায়ে হাত দিয়ে পর্যবেক্ষণ করে লোছে লুকিয়ে চাল নিয়ে যাচ্ছেন কিনা কিন্তু এটা না করলে শহরের মানুষের পয়সা আছে তারা খাবার পয়সা দিয়ে জোগাড় করতে পারবে কিন্তু ক্ষতি হত গ্রামের মানুষ তৈরি তাদের কাছে খাবারের একটা দানাও থাকত না এটারই ভুল বিবরণ দিয়ে ক্ষমতায় সিপিএম আমাদের দেখা সিঙ্গুর রাজনীতি আমরাও সেই সময় ভেবেছিলাম মমতা জনসেবা করছে। সিপিএম ভুল করছে জোর করে কারখানা খুলছে। কিন্তু আজ বুঝতে পারছি সিপিএম ঠিক কাজ করছিল। সুতরাং দূর থেকে বোঝা মুশকিল,NOT
37,"যারা বাড়ি বাড়ি গিয়ে ওনার জন্য ভোট চেয়েছিল,সেই অশিক্ষিত চাকরি দেবেন, আর যে মানুষগুলো ভোট দিয়েছিল , তাদের ছেলেমেয়েরা চাকরির পরীক্ষায় পাস করে ৫০০ দিন ধরে রাস্তায় বসে আছে। শালা অশিক্ষা মন্ত্রী।",HOF
38,আর কোটা এর চাকরি তিনি কাকে দেবেন সেটা তার সম্পূর্ণ ব্যক্তিগত অধিকার এবং সম্পূর্ণ ব্যক্তিগত ব্যাপার সেটা নিয়ে কারোর কোন কথা বলার অধিকার আছে বলে তো আমার মনে হয় না কিন্তু কোটা ছাড়া অন্য কোন চাকরি দেওয়ার ক্ষমতা কারণ নেই,NOT
39,ইসসসসসস..... এঁকে গলা ধাক্কা দিয়ে মন্ত্রীত্ব থেকে এক্ষুনি বার করে দেওয়া উচিত। কত বড় ক্রিমিনাল 😡,HOF
40,উন্নয়ন এটা বাংলার নিজের মেয়ের উন্নয়ন তাও চোখে পরে না🙄,NOT
41,এই রকম জ্ঞান না থাকলে কি মন্ত্রী হওয়া যায়? কেন যে গ্রামে জন্মেছি !,NOT
42,চাকরীগুলো আপনার বাপের সম্পত্তি,HOF
43,"চাকরি দিতে পারেন না....ফালতু জ্ঞান দেওয়া।গরীব বাবা মার শিক্ষিত বেকারদের কাজের কথা বলুন।গাল ভরা গল্প অনেক হলো,শিক্ষা,স্বাস্থ্যর বেহাল দশা।দেশের উন্নতি কোথায়???",HOF
44,"দাশী তার মালিকে জন্ম দিচ্ছে, খুবই সহজ সমাধান পৃথিবীর মৃত্যু খুবই নিকটে",HOF
45,এরকমভাবেই সত্য ও ন্যায্য কথা মাথা উঁচু করে বলার জন্য তোমাকে আন্তরিক শুভেচ্ছা অভিনন্দন।। এভাবেই সামনে এগিয়ে চলো। থ্যাঙ্ক ইউ খুব ভালো থাকো।।,NOT
46,মেয়ে কবে হলো 🙄,NOT
47,এ আবার নাট্যকার হাসি পায়....,NOT
48,"চোর মরলে সাংবাদিক সম্মেলন, আর নিরপরাধ মানুষ মরলে শুধু ফেসবুক পোস্ট। এই তো চটি চাটা বুদ্ধিজীবী।",HOF
49,সাবাস এই না হলে ।।আর কয়েকটা দিন,NOT
50,"এদের আন্দোলন এখন রাজনৈতিক হয়ে গেছে। আন্দোলনকারী নেই, এখন কিছু মানুষ আন্দোলন জীবি হয়ে গেছে। এদের মধ্যে থেকেই ""মোদী তেরা কবর খোদেঙ্গে "" স্লোগান এসেছে। তাহলে এটা অরাজনৈতিক আন্দোলন হয় কি করে? এরা অবশ্যই আমাদের ভারতের গর্ব। তবে গর্ব এত বেশি হওয়া উচিত না যে সেটা অহংকার এ পরিবর্তিত হয়ে যায়। আজকেও স্বর্ণ পদক পেয়েছেন, আগামী তে ও অনেকে পাবে। রেকর্ড তৈরি হয় ভাঙার জন্যে",HOF
51,"কেউ কারো ধর্ম নিয়ে মন্তব্য করা উচিৎ নয়, তাকে আইনের আওতায় আনা হোক....",NOT
52,প্রধানমন্ত্রী কেন বদলাবো ? দেশদ্রোহী চাটুকারিতা বন্ধ কর।,HOF
53,লজ্জাও করে না এদের তিনটে জেলে আবার এরা তিনটে নাটক দেখাচ্ছে,HOF
54,এর শিক্ষা আছে? বামফ্রণ্ট আমলে চাকরি পাওয়া তদন্ত করে দেখা হোক।,NOT
55,পাঠান নিয়ে লাফালাফি করা ভাই বোনদের ও চাকরি চুরির প্রতিবাদ মিছিলে পুলিশের নির্মম নির্যাতন এর প্রতিবাদ দেখতে পাইনি।,HOF
56,আপনি যেই কমেন্ট টা খুঁজছেন সেটা আরো নিচে আছে।।।😊,NOT
57,"Siksha দফতরে যোগ্য রা না পাক ত কি আছে আমার ভোট আগে এই না হলে শিক্ষা মন্ত্রী লুটপাট চলছে দুর্নীতি শাসক শুরুটা সারদা সমান ভাবে আজ ও,,, khub আশা করে WB লের মানুষ মা মাটি মানুষের দল কে আশীর্বাদ করে ছিল বিনিময় ধোঁকা দিলেন পিসি আর ভাইপো,,,WB লের লজ্জা,,, নাটক, উস্কানি, দুর্নীতি সেরা",HOF
58,কোটাতে চাকরী পাওয়া যাই। জানতাম না তো।,NOT
59,গাজা খাওয়া উচিত নয় কাকু।,NOT
60,এই সব লোকের শিক্ষামন্ত্রী থাকা উচিত? আমার মনে হয় উচিত নয়।,NOT
61,"আসাম 000, ত্রিপুরা 000, মেঘালয় 🤪🤪🤪🤪",NOT
62,তুমি ভারতে বাস করো না চিনে বাস করো,NOT
63,"মানলাম আপনার বিজেপি থেকে অ্যালার্জি আছে,,profile er nam jemon kaj তেমন তোমার 😂😂😂সব কিছু হাওয়াতে বলে দিলে হয়ে যায় না,৩ মাস থেকে কিছু প্রমাণ e korte parlo না, আর কে বলেছে আপনাকে এ ব্যাপারটা FIR করা হয়নি সুপ্রিম কোর্ট অব্দি ব্যাপারটা গেছে , সুপ্রিম কোর্টের তরফ থেকে আশ্বাস দেওয়া সত্ত্বেও এরা protest er nam e eta sudhu পরিবেশ নষ্টের চেষ্টা,করেছে",NOT
64,এর থেকে সোনাগাছিতে চলে যান বৈশাখী ম্যাডাম,HOF
65,"২ বুড়োই রাজ্যেই মনিকাঞ্চনের জোড়, শোভনদা পূজা এলেই তার প্রেমের জোয়ারে বেড়ে যায় আর মিডিয়া হাউসগুনো এই সুযোগের সদ্ব্যবহার করে।",NOT
66,নিজেদের লিঙ্গ গুলি কেটে রেখে এলেও কারো কিছু করার নেই কারণ সবই ক্ষমতা,HOF
67,উনি তার কোটা এর চাকরি এর কথা বলেছে ।,NOT
68,বৈশাখী কতো জন কে দেই দেওয়ার জন্য সব বসে আছে নোংরা লোকেদের দেখাই কেনো চেনেল গুলো,HOF
69,"এরা কতো টা বেলজ্জা, নিচের মেসেজ গুলি দেখেও লজ্জা হয় না। ময় দানব দানবী সব।",HOF
70,"তোমদের আসার সময় চাকরি দাও , চলে যাওয়ার পর যারা আসবে তারা ও বাদ দিয়ে চাকরি দেবে , তাহলে তো শিক্ষার কোনো মূল্য নেই, maiti সেখানে naiti করছে",NOT
71,আচ্চা ঠিকাচে..... আপনি আপনার মেয়েকে ওই আপনার তথাকথিত মেয়ের বাবার কাছে ছেড়ে দিন তো আপনার মেয়েকে নিয়ে খালি গায়ে একটা ওরম ছবি তুলুক😁,HOF
72,এই বোকাচোদাটার বাবারা কতকগুলি জানতে পারলাম সবাই!,HOF
73,"প্রথমেই তোমাকে অনেক অভিনন্দন জানাই এতো ভালো রেজাল্ট করার জন্য 💐 এতো সুন্দর করে যে কথা গুলো বললে সেটা বোঝার জন্য একটা সুন্দর মস্তিষ্কের প্রয়োজন যেটা এদের নেই , এরা বিকৃত মানসিকতা সম্পূর্ণ । এই ভাবেই মাথা উঁচু করে বাঁচবে ,ভালো থেকো ❤",NOT
74,নোংরামিটাও কতো নির্লজ্জ ভাবে করা যায় তা এদের দেখলেই বোঝা যায়।,HOF
75,ব্যাপারটা কেউ একটু বুঝিয়ে বলবেন?,NOT
76,একটা চিড়িয়াখানা করা হোক। এই ধরণের হাস্যকর স্যাম্পল গুলো কে রাখা হোক সেখানে।,HOF
77,আমার খুব ভালো লাগলো যারা অজ্ঞান এর অন্ধকারে ডুবে আছে তাদের তুমি আলো দিলে। খুব ভালো লাগছে এই ছোট্ট মেয়েটার ভিতরের এত সুন্দর শুভ চিন্তা ধারা সমাজের মধ্যে ছড়িয়ে দিচ্ছে এতে নতুন প্রজন্ম এর ভবিষ্যত খুব ভালো।💐,NOT
78,কুস্তিগীরদের সাথে যদি অন্যায় হয়ে থাকে তাহলে কুস্তি বীরদের পাশে। আবার কেরালা স্টোরি কাশ্মীর ফাইল এগুলো তো বাস্তব ঘটনার দলিল এগুলো তো মানতেই হবে। কিন্তু এসব নিয়ে যারা সাথেসাথেই রাজনীতির ময়দানে নেমে পড়েছেন তাদের পাশে যদি সাধারণ মানুষ থাকে তবে সেটাই হবে সবচেয়ে বড় ভুল ও দেশের জন্য বড় ক্ষতি।,NOT
79,পাশে যারা বোসে আছেন ওনাদের ছেলে মেয়ে আগে কিন্তু চান্স পাবে আম শিল্প তে,NOT
80,"এবারে দিদি এগরা,বজবজ এও গিয়ে উপদেশ দিতে দেখা যাবে যে ..........""বোমের মিষ্টি"" আর ""বোম দই "" তৈরী করতে বলবে এগরার মানুষ জনকে । সত্যি পশ্চিমবঙ্গ এর মুখ্যমন্ত্রী এর কোনো বিকল্প নেই । 👏👏👏",NOT
81,"এদের জন্য কোর্টের দরজা খোলা আছে, তা না করে রাজনীতি কেন করছে?",NOT
82,যারা বেশী বলোবান হওয়ার তাগিদে ওয়েট liftting করে তাদের নাকী বুদ্ধি হাঁটুতে নেমে আসে..কিছু মানুষের আর নিজের স্বার্থে এরা এখন রাস্তায়..এরা জানেনা এদের অর্জিত সন্মান টুকু একদিন মাটিতে মিশে যাবে... কারন এখন অনেক স্পোর্টস person ভারতে তৈরি হচ্ছে যারা আগামী Olympics এ অনেক কিছু আনতে চলেছে...,HOF
83,"ছোট বাবা, বলে পিঠের উপর চড়ে পাম্প দেবে এটা মানা যায়🤣",HOF
84,এই সব গাধা মন্ত্রী পদ পাই কিভাবে,HOF
85,"তোমার নাম টা যথার্থ, আগামী প্রজন্মের কাছে তুমি প্রেরণা হওয়া ওঠো, ""চিত্ত যেথা ভয় শূন্য উচ্চ সেথা শির""",NOT
86,যত সব নাটক। সুপ্রিম কোর্ট কে মানবে না। নারকো টেস্ট করতে রাজি হবে না।,NOT
87,"এভাবে সরতে সরতে ভুটান, চীন, সাউথ কোরিয়া হয়ে জাপান হয়ে সারা পৃথিবীতে ছড়িয়ে পড়বে ""সারদা"" মায়ের দুর্নীতির বাণী।",HOF
88,এবিপি আনন্দের মতো মিডিয়ার এইসব পরকিয়ার সংবাদ পরিবেশন মানায় না।,NOT
89,তোর বাবা র চাকরি শালা,HOF
90,"আরে নিজের কোটার চাকুরি তুমি মামা কে দিবে না সোভনবাবুকে সে তোমার বিষয়,তাহলে হকের চাকুরি গুলোর কেন ""গাড় "" মারা হচছে .",HOF
91,আমাদের পশ্চিমবঙ্গে গুজরাত মুভি চালু করা হোক।,NOT
92,এই ধান্দাবাজ লোকগুলোই সব সর্বনাশের মূল / ছিল cpm পরে হলো তৃণমূল নেতা / দলের নেতাদের খুশি রেখেই এদের পদ প্রাপ্তি / তাই জনগণ এইসব মন্ত্রী সম্বদ্ধে সাবধান হন /,HOF
93,"ছোটমা মানে প্রিন্সিপাল স্যারের wife যদি বলতেন যে আমি উপস্থিত ছিলাম ছবি তোলার সময় তাহলে বিশ্বাস করতাম ,যে প্রিন্সিপাল শ্রদ্ধাশীল ব্যাক্তি । ডাল মে কুছ কালা হে।",NOT
94,"পড়াশোনা না করে, তৃণমূলের দেয়াল লেখেন,",NOT
95,মনে হচ্ছে সরকারী চাকরী ওনার পৈত্রিক সম্পত্তি।,HOF
96,ঠিক আছে কথাই আছে অতি বড়ো হয়ও না ঝরে ভেঙে যাবে। বুড়োর বেশি লোভ হয়ে গেছিল,NOT
97,বছরের পর বছর এই ছাগল গুলো ব্যা ব্যা করে যাচ্ছে,NOT
98,ধর্মছাড়া না হলেও গোঁড়ামি টা ছাড়লে আর মেয়েদের স্বাধীনতা ও শিক্ষার অধিকার বাড়ালে এরাও শান্তি পাবে আর সব শান্তিতে থিকবে।,NOT
99,এ কেমন বাবা যে মেয়ের উপর উঠে যায় 😶😮মমতা বেগম জানতে পারলেই কিন্তু ব্যপার টা ধামাচাপা দিবে,HOF
100,শালা সব নোংরা এদের সমাজ থেকে দূরে রাখা উচিৎ।,HOF
101,ইনি বুদ্ধিজীবী নয় হেয়গলাজীবী ভারত সরকার কাছে আবেদন করছি এনাকে চাঁদে নাতো মঙ্গলগরহে পাঠিয়ে দেওয়া হোক,HOF
102,"মনে যা চায়, তাই করে মনকে তৃপ্তি করবে। পিছন ফিরে তাকাবার প্রশ্ন না করাই ভাল।",NOT
103,চাকরিটা তোর বাপের তোর বাড়ির ছেলেরে দিবি মানে। তুই হতে পারি শিক্ষামন্ত্রী তোর পেটে মোটেই শিক্ষা নেই।,HOF
104,এবিপি কে ধন্যবাদ। এগিয়ে থাকে এগিয়ে রাখে।,NOT
105,"এরা হলো এলিয়ান। মঙ্গলগ্রহ থেকে এসেছে। এদের বয়স ১৮, তাই একটু নাচ গান হচ্ছে।",NOT
106,"আপনার পত্রিক সম্পত্তিক নয় যাকে খুশি দিয়ে দেবেন , যারা যোগ্য তারা পাবে চাকরি",HOF
107,"সাবাস,,,, দাদা একদম ন্যাজ্য কথা বলেছেন। আমরা এতো কষ্ট করে বোমা মেরে দিদিকে ভোটে জিতিয়েছি আর চাকরি আমরা করবো না তো কে করবে,, শুধু পড়াটা ভালো করে করতে পারিনি বলে চাকরি করতে পারবো না তাই কখনও হয়, 🙏🙏🙏🙏🙏",NOT
108,"ঠিক তাই। বাম আমলেও শিক্ষার কোনো দাম ছিলো না। তৃনমুলের আমলে তো নেইই। বাম আমলেও সব কমরেড নেতাদের বৌ-মেয়েরা স্কুলের শিক্ষিকা হয়েছেন, লাল ঝান্ডা ধরা পার্টির কর্মীরা স্কুল-কলেজের চাকরি পেয়েছেন। আর এখন! শুধু তৃনমুলের লোক নয়, যে টাকা ফেলেছে, সেইই চাকরি পেয়েছে। কি তাই না? পাড়ার কমরেডের বাড়ির দিকে তাকিয়ে মিলিয়ে দেখুনতো একবার.....",HOF
109,আদর্শ ঠিক আছে.. মিথ্যা কথা বলেননি।,NOT
110,"ছিঃ... 👎👎😡😡 অতি শীঘ্রই এই নারীনির্যাতনকারী, সাম্প্রদায়িক সরকারের পতন কামনা করি... 🙏🙏 নির্যাতিতা বোনেদের অশ্রুমিশ্রিত অভিশাপেই ধ্বংস হোক...... ভারতের জঘন্য পার্টি(BJP).... 👎👎😡#বিজেপি_হটাও_দেশ_বাঁচাও... 👎👎😡😡",HOF
111,"খেলতে খেলতে যেমন খেলোয়াড় হয়, আমাদের পিসি অতিরিক্ত জেনে গিয়ে কি যে হয়েছে তা একমাত্র উনিই জানেন।",NOT
112,চরিত্র ঠিক করুন ব্রাত্য বসু বাবু।,HOF
113,এই ঘটনা টা মোদি রাজনৈতিক রং নেওয়ার অপেক্ষায় ছিলো সেটাই হলো। মোদি দেশের মানুষ কে ভালো বাসেনা ক্ষমতা ভোগ করতে ভালোবাসে। গান্ধীজি দেশ বাঁচাতে শুট বুট কোট খলে ফেলে ছিল আর মোদিজি দেশ বেচতে শুট বুট কোট পরে ফেললো। আমরা যেদিন কোন নেতাকে তেল না রেমে সাধারণ মানুষ হয়ে প্রশ্ন মারতে পারবো সেই দিন নেতা ও দেশ সব ঠিক হবে।,HOF
114,অবিলম্বে একে গ্রেফতার করা হোক এবং দৃষ্টান্তমূলক শাস্তির দাবি জানাচ্ছি 😡😡😡,HOF
115,এরা আবার সুপারিশ niya কথা বলা chi,NOT
116,হ্যাঁ তুমি ১৮ বছর কুড়ি বছর বাইশ বছর বয়সী মেয়ে সেয়ানা মেয়ে তোমার ফোনের পাসওয়ার্ড অন্য লোকে জানে নাটক করার জায়গা পাচ্ছো না।,HOF
117,"মানছি না মানবো না,মাখা আমরা খাবোই",NOT
118,"বাংলাদেশে যখন মণ্ডপ ভাঙ্গা হলো মহিলা ধর্ষিতা হলো বাড়ি ঘর ভাঙাহলো , পশ্চিমবঙ্গে vot পরবর্তী হিংসা হলো তখন মুখ এ নিরোধ লাগানো ছিল??",HOF
119,খুবই বেশি মাখতো তারপর কোথায় যেন ফুলকি উড়ছে,NOT
120,নোংরা সব youtuber নিজের ভালোর জন্য টাকা কামানোর জন্য যা ইচ্ছে করতে পারে,HOF
121,শোভন এবার বৈশাখী কে মনে হচ্ছে হারাতে বসেছে মদনার এবার নজর পড়েছে বৈশাখীর দিকে,NOT
122,"কোনো শিক্ষিত সমাজের ভদ্র লোক সে শিক্ষক হোক বা অন্য কোনো সাধারণ লোক ই হোক সে তার নিজের যুবতী মেয়ের সাথে ও এভাবে ছবি তুলবে না,তার উপর এ আবার অন্য কোনো মহিলা।",NOT
123,"মানসিক ব্যালেন্স ছিল না , তাকে বলছে মরুক পড়ে ! কি চমৎকার মানবিকতা!",HOF
124,এটাই আমাদের শিক্ষামন্ত্রী ?? ভোটের আগে এই কথা গুলি বলছেন কী হাল ??,NOT
125,"আপনার জ্ঞানের অভাব আছে, এটা মনে রাখবেন যার অস্তিত্ব আছে তার রূপ ও আকৃতি আছে, আর যার অস্তিত্ব নেই সেটি কেবলই কাল্পনিক, হিন্দুরা গুরুকে গোমাতা হিসাবে পূজা করে, তাই তার মাংস খায় না। এটি একটি শ্রদ্ধার বিষয় যা আপনার জ্ঞানের বাইরে 😔 যা জানেন না তা নিয়ে তর্ক করবেন না। 🙄",NOT
126,"নিশ্চই পারে , দেশের নাগরিক পারে , রাজ্যবাসী , যাদের আপনারা প্রতিনিধি তারা পারে তো বটেই , যারা voter , যাদের আপনারা প্রতিনিধি মাত্র , তাদের সাংবিধানিক ক্ষমতা রয়েছে প্রশ্ন করার ,কথা বলার । কি লেখা পড়া করে জেনেছেন ভাই জানি না । কি ছবি ফটো ,ঝান্ডা ফান্ডা , মিছিল ফিছিল বলছেন ? একজন মানুষ কে শিক্ষক করবেন , তার যোগ্যতার মাপকাঠি কি বলছেন ? মিছিল , মীটিং প্রচার ইত্যাদি কি বলছেন ?",NOT
127,"কেউ মানসিক অসুস্থতা নিয়ে হাসপাতালে ভর্তি আর কেউ মৃত্যুমুখী মানসিষিক অসুস্থ মানুষকে নিয়ে মশকরা করতে ব্যাস্ত দুজনেরই চিকিৎসার প্রয়োজন। একবার মানুষকে মানুষের নজরে দেখুন, পৃথিবীটা খুবই সুন্দর।",NOT
128,চাকরি কখনো নিজস্ব হয় না পড়াশোনার যোগ্যতা যার চাকরি তার,NOT
129,রাখাল দের কথায় কর্ণপাত করতে নেই।,NOT
130,চীন পৃথিবীর ক্যানসার...,HOF
131,"আমরা তো জানি -- চাকরির জন‍্য শিক্ষাগত যোগ্যতার প্রয়োজন। চাকরির মন্ত্রীর কোটায় হয়, এটা তো জানতাম না -- বোকাচো.... শিক্ষামন্ত্রী ....😡😡😡",HOF
132,"সঠিক কথা সঠিক সময়ে বলাটাই প্রকৃত শিক্ষা-সে শিক্ষা বিনয় দান করে আবার প্রতিবাদ ও করতে শেখায়,বলিষ্ঠ মতবাদের জন্য ধন্যবাদ তোমাকে।",NOT
133,আজ জানলাম মাননীয়া মুখ্যমন্ত্রী ল্যাংচা মিহিদানা করেছেন.........কোনদিন আবার বলে বসবেন হরপ্পা মহেঞ্জোদারো এর পঞ্চায়েত প্ৰধান ছিলেন তিনি,NOT
134,যখন এরা পদক নিয়ে দেশে ফেরে তখন দাদাবাবু পাশে নিয়ে ছবি তোলার সময় বের করতে পারেন কিন্তু এদের অভিযোগ শোনার সময় পান না।,NOT
135,ঠিক বলেছেন যোগ্য লোককে কেনো দেবেন চাকরি?? বুঝুক মানুষ কাদেরকে সরিয়ে কাদের এনেছে।,NOT
136,এবারে ঘুমভেঙ্গেছে পরজীবিদের। এবং ভাঙ্গা মাত্রই বাংলাদেশের জন্য প্রাণ গদগদ। এদের BOYCOTT করুন।,HOF
137,"বি এস এফ এর নামে দোষ না দিয়ে বুদ্ধি জীবির দল আপনারা সবাই মিলে গিয়ে বডারে পাহারাদার হয়ে যান,দেখি কার কত দম আছে ।মুখে সবাই বড় বড় কথা বলবে ।লজ্জা করা উচিত্ আমরা ভারত বাসি বলতে ।ভারত মাতা কি জয় ।জয় শ্রীরাম ।",HOF
138,"আশেপাশে যারা বসে থাকেন, ভাবি তেনাদের কত ধৈর্য!!!!",NOT
139,"বা মাননীয় বা এক দম ঠিক,, ফুল ফুটুক না ফুটুক আজ বসন্ত, শিক্ষা থাক না থাক, চাকরি তুমি পাবেই,,,",NOT
140,বৈশাখী যদি গতরটা একটু কমায় তখন আরও অনেক ভালো নাচতে পারতো এটা নাচ নয় লাচ,HOF
141,উফ! সার এর মুখের হাসি খান দেখছ..!! ইশ রে! মাইয়া রে কত্তো ই না বালুবাসে 🥹,HOF
142,খুব বেড়েছিল।। এটাই পরিণাম....,HOF
143,"উনাকে একটা বাংলার বোতল দেখানো হোক,, কারণ দেখে মনে হচ্ছে উনি একজন রাজ্যের অর্থনীতি চাঙ্গা করার সৈনিক,,, 🤣🤣🤣🤣",HOF
144,"আগেকার গুরুজনরা বলতেন ""বেশি মাখা-মাখি করতে যেওনা বাপু""। এখন বুজলাম কেন বলতেন.....",NOT
145,তার মানে উনি তো বাংলা ভাগ মেনে নিলেন,NOT
146,অশিক্ষিত যদি শিক্ষামন্ত্রী করা এটাই হয়,HOF
147,এই তো অপর্ণা মাসী বেরিয়েছে.. এতদিন আন্ডারগ্রাউন্ড এ ছিলেন... অনেকদিন পর একটা ভিত্তিহীন ফালতু ইস্যু পেয়েছেন.. এটাকে এবার টেনে লম্বা করতে হবে.. চালিয়ে যান..,HOF
148,সার্থকনামা.. পরিণত চিন্তাভাবনা.. বলিষ্ঠ বক্তব্য.. খুব ভালো বক্তা.. অনেক শুভেচ্ছা আর ভালবাসা প্রেরণার জন্য।,NOT
149,"সাবধান শোভনদা,মদনদাদা কে কাছঘেষতে দিও না।",NOT
150,যাত্রা দলের লোককে মন্ত্রী করলে এ সবই হবে। আবার আশ্চর্যের বিষয়টা কি জানো আমার রাজ্যের মা মাসিরা ওই ৫০০ টাকার লোভে এই যাত্রাদলের লোকেদের মন্ত্রী করতে সাহায্য করে।,HOF
151,কেউ নিজের বাবার সম্পত্তি যাকে খুশি দিতে / দান করতে পারে...সরকারি অর্থ জনগণের ট্যাস্ক এর টাকা...,NOT
152,"অশিক্ষিত অযোগ্য শিক্ষা মন্ত্রী হলে এরকম অযোগ্যরা চাকরি পাবেন এ আর এমন কি। সরকারী সম্পদের অপব্যবহার করা হয়েছে এভাবে এজন্য সি,বি,আই দপ্তরের আওতায় এনে জিজ্ঞাসাবাদ করা উচিৎ এধরনের মন্তব্য ও কথোপকথন অত্যনত অমার্জনীয় ও অপরাধ।",HOF
153,বা দুই মাতাল ভালো রুম্বা কে পেছে,HOF
154,সুধু টাকা গুলি বাদ করা কাজ কিছু হবে না। বাংলার টাকা নিয়ে গিয়ে দিয়ে আসছে।,NOT
155,ABP news এর রুচি যেদিকে যাচ্ছে তাতে হয়তো কদিন পর খদ্দের টানার জন্য নীল ছবির প্রমোট করবে।,NOT
156,আইন বলে একটা বিষয় আছে সেটাকে মান্যতা না দিয়ে দেশ বিরোধী কাজ এতে কি দেশের সম্মান বাড়ছে ।,NOT
157,বাবা মেয়ের ভালোবাসা 😆😆 কি অবস্থা ছোট বাবা 🤣🤣,HOF
158,টাকার লালসাতেই এদের কর্ম যোগ স্থায়ীত্ব। শিক্ষামন্ত্রীর শুধুমাত্র একটা স্ট্যাম্প পেপারেই।,NOT
159,দুপয়সার মিডিয়া বলে মিডিয়াকে বদনাম করিস না,NOT
160,বাংলার পাপ্পু এগিয়ে চলে।,HOF
161,"""সব থেকে মেধাবী অভিনেতা"" - এই কথাটা সর্বৈব ভাবে ভুল। যদি বলেন ""বর্তমান প্রজন্মের"" তাও ভুল। সঠিক হলো ""বর্তমান প্রজন্মের অন্যতম মেধাবী অভিনেতা""। অনির্বাণ আমার খুবই প্রিয় কিন্তু অভিনেতা হিসাবে আমি ঋত্বিক কে অনির্বাণের থেকে এগিয়ে রাখি।",NOT
162,মদনের হাত কাপছ কখন আবার বৈশাখীর উপর পরে,NOT
163,কলেজে পড়া একটা মেয়ে গরমের জন্য খালি গায়ে থাকবে তার বাবার sathe এটা মেনে নেওয়া একটু কষ্ট হচ্ছে,NOT
164,শোভন কাকু কি বিধবা হবে পৃজার লগ্নে?? আর কামারআটি পাবে কি নতুন কাকি??,NOT
165,নীতি আর রাজনীতির মধ্যে শুধু এটুকুই পার্থক্য😒,NOT
166,আসলে পৃথিবী একটি নাট্যমঞ্চ তার সদর দপ্তর পশ্চিমবঙ্গ 🔴,NOT
167,মরার কাঠ গুলো আবার সচল হয়ে উঠেছে...,NOT
168,এই মেয়েটা বলছে ধর্ম নিয়ে কিছু বলতে চাই না আবার এতো কিছু বলছে একে যত তাড়াতাড়ি সম্ভব সাস্তি দেওয়া হোক,HOF
169,"ঠিক ঠিক, পড়াশোনা না করে যদি সবাই tmc করতো, তাহলে আমাদের দেশে বেকারত্ব কমে যেতো🤣🤣, সাব্বাস শিক্ষামন্ত্রি 🙏🙏",NOT
170,খাল কেটে কুমির আনলেন দাদা😀,NOT
171,"😡😡 আর যেসব শিশু গুলো বছরের পর বছর পড়াশোনা করে বড় হয়ে চাকরির উপযুক্ত হল তাদের কি সূলে চড়িয়ে মারবেন 😡😡😡,,,এসব আসে কোত্থেকে!! বোধয় মঙ্গল গ্রহ থেকে 🤣🤣🤣🤣🤣",HOF
172,"যারা আন্তর্জাতিক স্তরে ভরতের প্রতিনিধিত্ব করেছে তাদেরকে আন্তর্জাতিক টুর্নামেন্টে সরাসরি খেলতে দিতে হবে, তারা কোনো জাতীয় টুর্নামেন্ট খেলে নিজেদের যোগ্যতার প্রমান দেবে না (মানে নতুন কোনো প্রতিভার আন্তর্জাতিক টুর্নামেন্ট খেলার সুযোগ ক্ষীণ হয়ে যাবে), প্রথমে আন্দোলন শুরু হোলো এই বিষয় নিয়ে । কিন্তু পরবর্তী সময় আন্দোলনে জুড়ে গেলো যৌন হেনস্থা, জুড়লো হামে চাহিয়ে আজাদী, জুড়লো হিন্দুস্তান মুর্দাবাদ......এই আন্দোলনের আসল দাবিটা কি ?",HOF
173,"মিথ্যা বাদি, বিদেশ থেকে কোর্স করে এসেছে তো,",HOF
174,বাববা কি সুন্দর বাবা মেয়ের সম্পর্ক। বাবা মেয়ের এতো ঘনিষ্ঠ সম্পর্ক ???আমরা কি বাবার মেয়ে ছিলাম না??? যার জন্মদিন তার সঙ্গে এতো ঘনিষ্ঠ ছবি নেই অথচো পালিত মেয়ের সাথে!!!দেখে তো খুব রোমান্টিক ছবি মনে হচ্ছে। আরো যে কত কি দেখতে হবে। 🥴🥴🥴🥴🥴🤭🤭🤭🤭🤭,HOF
175,"যোগ্যতার প্রয়োজন নেই, তৃণমূল করলেই চাকরি পাকা‌।",NOT
176,ইনি রাজ্যের শিক্ষা মন্ত্রী ভাবতেই গর্ব অনুভব করি। চালিয়ে যান হরেকৃষ্ণ!,NOT
177,শুধু কেরলা স্টোরি কেন সকল অসামাজিক দেশ বিররুধি একটা স্টোরি বের হোক কুস্তি বীর কেন সকল খারাপ জিনিস এর বিরুদ্ধে প্রতিবাদ উঠুক,NOT
178,"চাকরি তাহলে নেতাদের বাপের ,যাকে খুশি তাকে দেবে যোগ্যেতার কোন প্রয়োজন নেই,সেই জন্য তোলামুলের দল শিক্ষাকে তুলে দিতে চাইছে। বাংলার মানুষ আপনারা শুধু শুধু নেতা মন্ত্রীদের কেন দোষারোপ করছেন। এদের ভোট দিয়ে নিয়ে আসবেন, কিন্তু ছেলে মেয়েদের পড়াশোনা না করিয়ে, পার্টিতে ঢুকিয়ে দেন।আর পার্টিতে না ঢোকাতে পারলে ছেলে মেয়েদের চাঁদে পাঠিয়ে দেন।",HOF
179,ভারতের 1 No. নোংরা চ্যানেল,NOT
180,সালা দোষ এখানে সংবিধানের।চাকরির কোটা নেতাদের হাতে থাকবে কেন।বুঝুন ঠেলা এবার।,HOF
181,গরিব জনগণের উন্নয়ন করাই হলো পার্টির কর্তব্য আমার পার্টির এবং আপনার পার্টির কি হলো। ডক্টরকে কি বলা হয়। ন্যায় বিচার।,NOT
182,রাজ্যের টাকায় হানিমুন করে বেড়াচ্ছে ঢেমনা।,HOF
183,পাতানো বাবা এত বড় মেয়ের ওপরে খালি গায়ে শুতেই পাড়ে 😌 এতে সমস্যা কোথায় ? এর পরে বলবেন করতেই পারে সমস্যা কোথায় ? 🤣🤣,HOF
184,বাহ্ দারুণ। সমাজটাকে কোথায় গিয়ে নামিয়েছে!!!!,NOT
185,আপনি যে anti Govt seta to আপনার প্রোফাইল দেখলেই বোঝা যায়. এইসব না করে দল গঠন করুন আর জিতে সরকার পরিবর্তন করে আপনার মনোবাঞ্ছা পূরণ করুন। আজকাল বেশির ভাগ জনসাধারণ এর কাছেই স্মার্ট ফোন আছে একটু সময় নিয়ে নাড়াচাড়া করলেই সব তথ্য জানা যায় . আশাকরি বুঝতে পারছেন...,NOT
186,নিজেকে বড় সেলিব্রেটি(হনু )ভাবলে যা হয়,HOF
187,"সংবিধানে মন্ত্রীদের এরকম কোটা থাকে? আর থাকলেও এই কোটার চাকরি স্কুলে? এইসব শিক্ষকরা কি শেখাবে ভবিষ্যৎ প্রজন্ম কে? এর থেকে ভালো চুল্লু খায়িয়ে উল্লু বানিয়ে রাখা, mango people কে।",NOT
188,"সিপিএম শিখিয়ে ছিলো অধিকার বুঝে নেয়া।।।বিজেপির IT Cell এর 2 টাকার কর্মী ডায়লগ ঝাড়ছে, কিছুই জানে না পশ্চিমবঙ্গ সম্পর্কে।।।",HOF
189,"পড়াশোনা করে কোনো লাভ নেই, Tmc করবো চাকরি পাবো, Wah didi wah 🤮🤮🤮🤮💩💩💩",HOF
190,বেশি অহংকার দেখলে যা হয় আরকি। নিজের ব্যবহার বদলান। আপনাদের মত এই রকম দুদিনের ভাইরাল হওয়া লোকজন অনেক দেখেছি।,HOF
191,বাংলার লজ্জা !!!!! এটাকে পার্থর সাথে এক ই জায়গায় রাখা হোক ।,NOT
192,কোলা ব্যাঙের নেত্য পরিবেশন! নিজেকে যে কি মনে করেন! সব বিষয়েই অগাধ পারদর্শিতা!!,NOT
193,"এরকম কথা বললে গনতন্ত্রটাই তুলে দিতে হয়। মামার বাড়ির আবদার নাকি, পরীক্ষা পদ্ধতি রেখে এসব কথা বলাই যায় না। এত ভোটের প্রচার, মিছিল বন্ধ করা হোক।",HOF
194,শিক্ষা মন্ত্রী র নামে কলঙ্ক ।ওকে কান চাপাটি দেওয়া দরকার ।,HOF
195,এই চরিত্রহীনদের এক্সক্লুসিভ সাক্ষাৎকার দিয়ে কি বোঝাতে চাইছে এবিপি আনন্দ,HOF
196,"যেদেশে মিডিয়ার এই রুচি , সেইদেশের ভালো কেউ করতে পারবে না।😡😡😡😡",NOT
197,বালের শিক্ষা মন্ত্রী,HOF
198,দুজনেই মাতাল মাগীবাজ,HOF
199,BSF উপর যে কোন অভিযোগ আনার আগে তার প্রমান দেখান যে তারা অভিযুক্ত ৷,NOT
200,জেলখাটা চোর ও লম্পট নিয়ে আনন্দবাজারীয় মোচ্ছব। সমাজের প্রতি দায়িত্ববোধ অসাধারণ বৌ-পেটানো কুমন দে র! ধিক্কার চুমন দে ও আনন্দবাজার গোষ্ঠী কে। 🤮,HOF
201,দুইজনকেই খুশিকরার ক্ষমতা রাখে।,NOT
202,"তোরা সবকটাই নকল সোনা,,,মানুষ তোদের ঘৃনা করে",NOT
203,আপনি মেখে মেখে ক্লান্ত.....আমরা দেখে দেখে পরিশ্রান্ত....,NOT
204,আপনাদের মতো শিক্ষামন্ত্রী গোটা ভারতবর্ষে থাকলে। আপনাদের মতো গুন্ডা তৈরী হবে । মন্ত্রী বাবু আপনি বলতে চাইছেন। আপনাদের জন্য বাড়ি বাড়ি ভোট চাই তে হবে। দেয়ালে লিখন করতে হবে তাইতো। তাহলে স্কুল গুলো খুলে রেখেছেন কেনো। বলে দিলে হয় দেওয়াল লিখন বাড়ি বাড়ি গিয়ে ভোট চান। চাকরি পেয়ে যাবেন।,HOF
205,"এখানে একটা মুসলিম মেয়ে হিন্দু ধর্মকে নিয়ে এতো বাজে মন্তব্য করছে,এখন এটা কারুর চোখে পড়বে না। আর কোনো হিন্দু যদি মুসলিম ধর্মকে নিয়ে কিছু বলে তাহলে সেটা নিয়ে অনেক তান্ডব শুরু হয়ে যাই। এইগুলো আর কারুর চোখে পরে না। যার যার ধর্ম তার তার কাছে ভালো। মেয়েটার কুরুচিকর মন্তব্যর জন্য যেন কঠিন শাস্তি হয় 🙏",HOF
206,"পড়াশুনা বাদ দেই,চলো সবাই দেয়াল লিখন করি",NOT
207,ভাই বাবা মেয়ে গায়ের উপর কখন শোয় 🤣,HOF
208,একদম তাই আমরা আমাদের সিমানা কমিয়ে আনবো তাও ভালো কিন্তু ১ইঞ্চি জমি দখল করে রাখতে দেবোনা,NOT
209,"মাঝখানে কেরেলা ষ্টৌরীর প্রযোজক ভালো ব্যবসা করেছেন। ৩ জন হোক আর ৩৩০০০ হোক অপরাধ তো অপরাধ। দেশের আইকন ঊনারা যদি এতো দেরিতে অভিযোগ করেন, তাহলে গ্রাম্যঞ্চলের মেয়েরা পু:নজম্ন হলে অভিযোগ করবেন। তবে সরকারের উচিত নিরপেক্ষ তদন্ত করা। না হয় অভাগা দেশের জাতি আমরা। দূর্ভাগ্য।",NOT
210,"দিদির নব নব আবিষ্কার মাথায় রেখে শুয়ে পড়ি, কি আশ্চর্য ওষুধের মতো কাজ করে , কি তাড়াতাড়ি ঘুমিয়ে পড়ি , সকালে তো ঘুম ভাঙতেই চায়না ।",NOT
211,ওদের খুজে পাওয়া যাবে না কারণ মানুষের জন্য কিছু করেনা ওরা শুধূ ভক্ত। যেমন আশারাম বাপু রাম রহিমের মতো বাবাদের কীর্তি কলাপ দেখেও চুপ করে থাকতে সেই রকম এখন মোদীর ভক্ত হয়ে গেছে।,NOT
212,"প্রতিটি প্রশ্নই বেশ আগ্রহ তৈরি করছিল। অনেক এমন প্রসঙ্গ/প্রশ্নও উঠে আসলো যেগুলো ততটা আলোচিত হয়না। সেকারণে সঞ্চালককে অনেক অভিনন্দন জানাই। কিন্তু উনি যদি আরকেটু ধৈর্য সহকারে সঞ্চালনা করতেন তাহলে উত্তরগুলির শেষ অব্দি আমরা পৌঁছাতে পারতাম। আশাকরি এই সমালোচনাটি গঠনমূলক ভাবেই দেখবেন, ধন্যবাদ...",NOT
213,শিক্ষা মন্ত্রী নয় উনি হলেন খাসী মন্ত্রী 🤓,HOF
214,কাকু তোমার কথাতেই দিলাম টাটা বাই বাই । প্রকৃত শিক্ষিত রা আর ভোট টা দেবে না । তারপর ন্যেজ কঠার দর কশাকশি কর । হায়রে দল করল বেকার শিক্ষিতর জীবন রসাতল।,NOT
215,বেশি অহংকার করলে যা হয় 🙂🙂😉 এখন নাটক করছে খুব খারাপ ব্যবহার এনার,HOF
216,KKR player দের বিমল দাও,HOF
217,জুটি গুলো জোগাড় ও হয়েছে। মানতে হবে। আর কত কি দেখব! 😂😂😂,NOT
218,কি করে পাবে এরা তো কোনো ন্যায় বিচার চাইছেনা এরা তো আযাদি‌ চাইছে ।এরা তো সব মোদি বিরোধী আন্দোলন করছে ।ভারত মুর্দাবাদ স্লোগান দিচ্ছে।,HOF
219,"ঠান্ডা মাথায় ওনাকে আত্মহত্যা করতে দেওয়া হোক,সবাই বাঁচাতে চেষ্টা করছে আর উনি মরতে,যা মর !!",HOF
220,স্যারের নিজের মেয়ের সাথে এরকম আন্তরিকতার কোনো ছবি আছে কি??,NOT
221,"রাজ্যের উন্নয়ণ দেখো....... কে বলেছে উন্নয়ণ হয়নি, উন্নয়ণ সামনে দাড়িয়ে নাচ গান করছে",NOT
222,তাহলে আমরা যে বছর ধরে ভোট দিই তাহলে আমাদের জন্য কি রইল ছোলা মুড়ি,NOT
223,এবিপি আনন্দ চাটতে পারে চাটতে থাকে,NOT
224,"এই নারী মহা জ্ঞানী,,, সে তার ধর্মীয় শিক্ষা অনেক ভালো পেয়েছে,, আবার এখানে কিছু লোক বলবে তার কোনো দোষ নেই সব দোষ সনাতন ধর্মের মানুষের। সনাতন কী আগে জানো তার পর সে বিষয়ে কথা বলো। সনাতন অথিতে ছিল বর্তমানে আছে এবং ভবিষ্যতে থাকবে। জয় শ্রী রাম 🙏🙏",NOT
225,"ভোটের সময় পোস্টার আর পেট চুক্তি মাল , ভোট শেষে কোটার সরকারি চাকরি পকেটে গুঁজে বাড়ি, এর থেকে আর ভালো কিছু হতে পারে, এই নিয়ে কথা বলাই যায় না",NOT
226,"শিক্ষা ,সমাজ একদম তলানিতে। এবার বিদেশের মতো আমাদের দেশেও রাস্তা ঘাটে ওপেন sex হবে। কেউ হয়তো মজা নেবে, আর কারো পরিবারের সাথে যখন হবে তখন হয়তো প্রতিবাদ করবে। এর জন্য দায়ী হবো শুধু মাত্র আমরা।",HOF
227,"তাহোলে, ..... নেকাপড়া না করে, ইস্কুল-কলিজে না গিয়ে, ঘাস-ফুল দেয়াল লিখন করতে হবে, মানে, চাকরি পেতে গেলে...... 😂😂😂😂",NOT
228,"আরে আমার আমার কি করছেন? ওটা আপনার মামারবাড়ী র চাকরি নয়, সরকারের চাকরি, আপনার সম্পত্তি নয়, আপনার চামচে দের আবার চাকরি দেবেন বুঝলাম কিন্তু আপনার এই কথা শুনে জনগণ আপনাকে এই সুযোগ টা আবার করে দেবে কি একজন শিক্ষামন্ত্রী র কথা এমন ছিঃ",NOT
229,প্রথম থেকেই ইউটিউবার দের ইগনোর করা উচিত ছিলো,NOT
230,আহাম্মক এর মত কথাবার্তা । উনি কাকে চাকরি দেবেন সেটা নিয়ে আমরা কথা বলতে পারি কি না সেটা একটা পঞ্চম শ্রেণীর ছাত্র ও বলতে পারবে যেটা নিজে বুঝতে পারছেন না । 🤣,HOF
231,নুপুর শর্মার বেলায় দেখেছিলাম গোটা দেশে কী হয়েছিল কিন্তু এর বেলায় তো একটা হিন্দু একটা পাথর পর্যন্ত তুলে নাই এর থেকে বোঝা যায় কারা শান্তির প্রতীক আর কারা হিংসার প্রতীক। জয় শ্রী রাম🧡 🙏,HOF
232,আপনারা এই সব খারাপ মানুষ সামনে না আনলে সমাজের জন্য মঙ্গোল।।,NOT
233,নিজের বাবার চেয়ে অন্য বাবা বেশি প্ৰিয় হয়ে গেলেই মুশকিল। যেমন মুশকিল হয়েছে শ্রী শ্রী ছোটো বাবার। দুঃখজনক।,NOT
234,অল্প বয়সে পাকলে বাল তার দুঃখ চিরকাল ( সায়নী )।,HOF
235,"আসলে বিষয়টা বোঝার বিষয় আছে।যা বোঝার আছে,তাও বোঝার আছে।যা বোঝার নেই,তাও বোঝার আছে।বুঝতে পারলেও বোঝার কিছু আছে,না বুঝতে পারলেও বোঝার কিছু আছে।যে বোঝে তার বোঝার আছে,যে বোঝে না,তার ও বোঝার আছে।কিন্তু আমি নিজেই বুঝিনি,তাই আপনাদের বোঝাতে পারলাম না!🥹",NOT
236,"খেলোয়াড়রা যখন বিদেশ থেকে মেডেল জিতে আনবে তখন, ছবি তোলার জন্য কত নেতা মন্ত্ৰী তাদের পাশে গিয়ে দাঁড়াবে।। এখন কাউকে খুঁজে পাওয়া যাচ্ছে না ।",HOF
237,ওর ঐ মুখে কালি লেপে দেওয়া উচিৎ। এমন অশিক্ষিত শিক্ষা মন্ত্রী কস্মিনকালে দেখিনি বাপু।,HOF
238,এইসব নোংরামি একমাএ পশ্চিম বঙ্গেই সম্ভব।আর এখান কার সাংবাদিক দের জন‍্য বাংলা র মাথা আরো উচু হয়ে গেল।,HOF
239,মদন দা । আপনী একটু সামালে থাকবেন। যেনো ফেসে যাবেনা,NOT
240,"""বেটি বাঁচাও বেটি পড়াও "" এই ঢপ দিয়ে অনেকদিন চলল এবার ""মোদি বাঁচাও গদি বাঁচাও""স্লোগান দিতে হবে..",HOF
241,মদনদা যাওয়ায় শোভনদার কপালে দূঃখ আছে।,NOT
242,"এর সঙ্গে কেরালা স্টোরির কি সম্পর্ক? কেরালা স্টোরি মুখোশ টা খুলে দিয়েছে তো, তাই বড্ড গায়ে লাগছে",HOF
243,"পাশে পার্থ থাকলে আরো ভালো লাগতো , কারণ মদন ,শোভন গুরু হলে ,পার্থ হলো মহাগুরু",NOT
244,দারুন দারুন একটি পোস্ট শেয়ার করার জন্য ধন্যবাদ বন্ধু আপনাকে। ঘরে ঘরে এই রকম প্রেরণা যেন জন্মগ্ৰহন করে। তুমি অনেক দূর এগিয়ে যাবে তোমার ক্যারিয়ারে।,NOT
245,বেশি ভাও খেলে এমনি হয়,HOF
246,বাংলার শিক্ষামন্ত্রী ব গর্ব,NOT
247,এর কারণ হলো তোমাদের মতন হলুদ ও দালাল মিডিয়ারা,HOF
248,দুটো গ্রাম বানিয়ে ফেলেছে চিন,NOT
249,"এরা রাজনিতীর শিকার হয়েছে। কিছু রাজনেতারা এদের কাঁদে বন্দুক রেখে, নিজের রাজনীতি চালাচ্ছে।",NOT
250,এবার ঘোটলাকে ল্যাংঙ মেরে মাতলাকে নিয়ে পালাবে,HOF
251,এদের দেখে বাঙালি সমাজ সংস্কৃতি নষ্ট হয়ে গেল,NOT
252,ভালোই নাটক করে চলছেন আমি খুবই গর্বিত যুগে যুগে অবতার হও আর শিক্ষিত ছেলে মেয়ের করুন দাসত্বের শিকার হউক্ এই না রিয়েল শিক্ষা মন্ত্রি,NOT
253,আপনি proposal দেন কিন্তু কেউ পাত্তা দেয় না... কারণ টা কি কখনো ভেবে দেখেছেন???,NOT
254,পশ্চিমবঙ্গের টাকা চুরির সহজ উপায় ১০০ দিনের কাজ।শিখিয়েছে সিপিআই এম আর উন্নত করেছে তৃণমূল।,HOF
255,"বুদ্ধিবেচি দের দম দিয়ে দিয়েছেন মনিব। "" এবার হুক্কাহুয়া কর"". তাই ঠোঁট খুলেছে। ওঁরা মনিব বললে ঘুম ভাঙান। না হলে ঘুমিয়ে থাকেন আর ভাতা পান।",HOF
256,চিনি টিনি মনে হচ্ছে সম্পর্কের মধ্যে...😁,HOF
257,"এরা সব ভারত বিরোধীদের সাথে আছে।কমিউনিস্ট, কংগ্রেস এদের কাছের লোক।এরা ভারতের সংবিধান মনে না, খাপ পঞ্চায়েত হলো এদের কাছে সুপ্রিম কোর্ট।",NOT
258,এই মহিলাটা ঠিক সেখানেই মুখ খোলে যেখানে সরকার খুলতে বলে। তার জন্য টাকা দেওয়া হয়। এরা ভারায় খাটে,HOF
259,না রে বাংলা তো তোর বাপেরআর টি এম সি র বাপের।,NOT
260,"কত টাকা পেলেন... অপর্নাদেবী ?? বলি কি, বয়স তো অনেক হল... এবার একটু আত্মসমালোচনায় মনোনিবেশ করুন!",HOF
261,"সমস্ত কমেন্ট পড়ে বুঝলাম, আমরা কাছের জিনিস খুব সহজে দেখতে পাই না, আর দূরের জিনিস দূরবীন ছাড়াই দেখতে পাই। (হায় বাঙালি)😢",NOT
262,এরকম সতবাবা স্টোরি গুগল এও পাওয়া যায়,NOT
263,"ইয়াকেও খাঁচায় বন্দী করা হোক,, সমাজের কীট এগুলো",HOF
264,সবই শাক দিয়ে মাছ ঢাকার ধান্দা 🤧😶,NOT
265,"যাক বাবা, তবুও "" দু-পয়সার মিডিয়া "" এর জন্য সত্য খবর কিছু পাওয়া যাচ্ছে। নইলে কোটি টাকার মিডিয়া গুলি ( গোদি মিডিয়া) তো মোদীজীর পা- চাটতে চাটতে পুরো দেশটাকেই না চেটে সাফ করে দেয়।",HOF
266,গান্ডুর মতো কথাবার্তা ।যোগ্যতা নেই তৃণমূল করবে বাস তাহলেই চাকরি।,HOF
267,শোভন বাবু খুব সাবধান😁😁,NOT
268,"কি করে পাবে যে খানে আজাদির স্লোগান দেয়,",NOT
269,"বি.এস.এফ নাকি হত্যা,ধর্ষন করে এসছে এতদিন।এখন নাকি আরও ফোর্স এসে হত্যা,ধর্ষন বেশি করে করবে।দেশের সিকিউরিটি ফোর্স সম্পর্কে এমন চিন্তা ভাবনা সত্যিই অবাক লাগে!!!",NOT
270,"এটা ইনি বললেন, কিন্তু এটা প্রথম থেকে হয়ে আসবে, এবং যে আসবে সে এমনই করবে।",NOT
271,দারুন হয়েছে দেবাংশু।যে কারণে রাহুল গান্ধীর সাংসদ পদ বাতিল হয় তার থেকেও অনেক গুরুতর কারন মোদি ঘটিয়েছে। বিরোধী দলের জোট INDA কে সন্ত্রাসী সংগঠন হিজবুল মুজাহিদিন সংগে তুলনা করে বলেছে ইন্ডিয়া মুজাহিদিন। এই কারনে রাহুল গান্ধীর আগেই মোদির সাংসদ পদ বাতিল হওয়া উচিত।,NOT
272,"আম দিয়ে একটা চপ হলে জমে যেতো! ভাবুন তো একবার ""আম চপ""",NOT
273,সায়নী ঘোষের যেটা ফুটো আছে সবাই মিলে ভরাট করুন আসল মাথার নাম বলে দিবে,HOF
274,যারা মোদীর বিরোধী তাদের পাশে কেউ থাকবেনা আর এর মধ্যে কেরালা স্টোরি আসলো কোথায় থেকে,NOT
275,দেশে ঝামেলা এই সব মন্ত্রী রাই বাড়াই,NOT
276,"এই অল্প বয়সে ,এত পরিণত আর পরিস্কার বক্তব্য ভাবা যায না,তুমি ওনেক বড হও মা।",NOT
277,ফালতু পশ্চিমবঙ্গ রাজ্যের শিক্ষা মন্ত্রী,HOF
278,সাব্বাশ দেবাংশু। অভিষেকের ইয়াং বেঙ্গলে'র তুমি অন্যতম সেনানী। লক্ষ্যে দৃঢ়প্রতিজ্ঞ থেকো।,NOT
279,অবিলম্বে এই মূর্খ শিক্ষা মন্ত্রীর বিরুদ্ধে আইনি ব্যবস্থা নেওয়া উচিৎ কোর্টের,HOF
280,যত বুড়ো বয়সে ভীমরতি 😁😁😁😁,HOF
281,চাকরিটাও জনসাধারণের ন্যায্য তোর বাপের না সেটাও একবার মাথায় রাখিস। না তো কোনদিন রাস্তায় দাড় করিয়ে লোকেদের মুখে হিসু করে দেবে।,HOF
282,বাংলার এই MLA গুলোর সাথে সুভাষ চক্রবর্তী গৌতম দেব এদের পাশাপাশি রেখে কল্পনা করুন।,NOT
283,জানতাম না মন্ত্রীর আবার চাকরির কোটা আছে,NOT
284,চারি দিকে বাংলা মায়ের অপমান সহ্য করতে না পেরে মেয়েটি যে কষ্ট পাচ্ছে তার ই প্রতি ফলন ওর মন্তব্য টি। এতে রাজনীতি না খূঁজে পরিণত চিন্তা র জন্য ওকে ধন্যবাদ জানাই। বড় মাপের মানুষ হ ও মা।,NOT
285,যারা দেশের কাজ করবে বলে শত কষ্ট করে উচ্চ শিক্ষা নিল তারা কি আঙুল চুষবে মহাশয়?,NOT
286,এদের দাবি কি?এতদিন পরে অভিযোগ কেন? ওদের মঞ্চে আজাদী মনুবাদ সে আজাদী আরএসএস সে আজাদী হিন্দুত্ব সে আজাদী স্লোগান কেন উঠছে? কৃষক নেতা মানে আন্দোলনজীবিগুলো কি করছে ওখানে?নতুন পার্লামেন্ট কি সরকার এদের হাঙ্গামা করার জন্য বানিয়েছে?পার্লামেন্ট উদ্বোধনের দিন পার্লামেন্টে হাঙ্গামা করতে যাবার উদ্দেশ্য কি????2023 এ এসে মানুষকে অত বোকা ভাবাটা ভুল..,NOT
287,শোভন মদন বৈশাখী সব দুশ্চরিত্রগুলো একই সাথে রয়েছে,HOF
288,কাকা একটু ওষুধ মাখা হয়ে যাক।,NOT
289,খুব সুন্দর ও পরিণত চিন্তাধারা।এত ভাল ফল করার জন্য ও স্পষ্ট ভাষায় নিজের মতামত ব্যক্ত করার জন্য তোমাকে অভিনন্দন। উজ্জ্বল ভবিষ্যতের পথে এগিয়ে যাও।,NOT
290,"আর যেসব ছেলে মেয়েরা সারা জীবন পড়াশোনা করল চাকরির আশায়, তাদের চাকরিটা কোথায় যাবে, তাহলে আমরা কি সবাই পড়াশোনা করব না করব না পড়াশোনা,",NOT
291,এরা নিজের ঘরের দরজা বন্ধ রাখে দেশের কাঁটাতার খুলতে বলে জঙ্গিদের মদদদাতা আর এদের মত মানুষদের নিয়ে মিডিয়া মাতামাতি করে,HOF
292,এতটুকু বয়সে কত সুন্দর গুছিয়ে কথা বলছে। তুমি জীবনে অনেক উন্নতি করো। রাস্তা হারিয়ে ফেলো না।,NOT
293,এক্ষেত্রে আপনি পিছিয়ে পড়লেন। মানুষ টি মারা গেছেন।,NOT
294,কলকাতার প্রথম নাগরিক ছিল।,NOT
295,এবিপি আনন্দ দ্বায়িত্ত্ব নিয়ে সমাজটাকে অধঃপতনের দোরগোড়ায় নিয়ে যাচ্ছে ।এরা সাংবাদিকতা পেশাটার বারোটা বাজিয়ে দিল । টাকা ছাড়া কিছুই চেনে না।,NOT
296,টাকা দিয়ে চাকরি পাওয়াকে আমি এবং কেউ সাপোর্ট করে না।। কিন্তু এই কথাটা ব্রাত্য বসু ঠিক বলেছে।।। সিপিএম যখন চিরকুটে নিজের পাটির লোকদের চাকরি দিয়ে গেছে সাধারণ মানুষ অন্য পাটির লোকেরা যখন চাকরি পেতো না তখন কোথায় ছিলেন,NOT
297,তোমার ভাষার ব্যবহার করেছ দারুণ এত স্পষ্ট তোমার বাচনভঙগি আমি তো তোমায় প্রশংসা না করে পারছি না তবে নিনদুকের কথায় কান না দিয়ে নিজের ক্যারিয়ার নিয়ে এগিয়ে যাও আমার শুভেচ্ছা রইল অনেক,NOT
298,"কাশফুল দিয়ে বালিশ শিল্প,চপ শিল্প ,এখন আম দৈ ও আম সন্দেশ শিল্প।",NOT
299,কাকা ঘাস মাখা হবে,NOT
300,শান্তির ছেলে একেবারে,HOF
301,"একটা রাজ্যে দু-দুটো হাইকোর্ট ! তারপরে রাজ্যে পঃবঙ্গের জন্য সুপ্রিম কোর্টের দাবী উঠবে । তারপর ভারত থেকে পঃবঙ্গ আলাদা হতে চাইবে । চাওটাই স্বাভাবিক, কারণ কেন্দ্র সরকার তো ""অন্ধ ধৃতরাষ্ট্র""। পঃবঙ্গ চলছে ""যেমন খুশী সাজো , যা খুশী করো""।",NOT
302,"এদের লজ্জা করেনা, এই জুটি সমাজের এবং যুব সমাজের লজ্জার কারণ।",HOF
303,চোর চোর মাসতোতো ভাই।এরা সবাই চোর।,HOF
304,এরা বঙ্কিমচন্দ্র চট্টোপাধ্যায় এর বাবু মানুষ।,HOF
305,এটা তো কোন লজ্জার বিষয় নয় কারণ এর আগে বামফ্রন্ট এটা শিখিয়েছে।।,NOT
306,আমি মুসলিম হয়ে বলছি এই মেয়ের বিরুদ্ধে উপযুক্ত ব্যবস্থা নেওয়া হোক,HOF
307,দো মালি এক ফুল 🤣🤣🤣🤣😃😃😃,NOT
308,চরিত্রের দোষ কোথায়।।।??? পুরো শরীরের নারিভূরি সব বিষাক্ত।।। এবার মদনের ক‍্যারিয়ারটার সর্বনাশ করবে।।।😄😄😄,HOF
309,শ্রী ঘরে যাবার জন্য রাস্তা তৈরি নিজেই করছেন,NOT
310,"Plz বিচ্যুতি পাতা মাখা টা হয়ে যাক,তারপর যা হোক হবে।",NOT
311,"বলি দিদি অনেক রেসিপি তো বলেছেন,এবার আপনার চপ দিয়ে মিষ্টির রেসিপি টা বললে খুবই উপকার হয়।",NOT
312,বাড়ির লোককে খবর দিন তারপর একটা বড় নাভি দিয়ে নিচে ধাক্কা মেরে বাড়ির লোকের সামনে ফেলুন তখন বুঝবে মজা কাকে বলে 😂,HOF
313,"এখানে লোক টা কে দোষ না দিয়ে একবার মে টির রুচি বোধ নিয়ে ভাবুন,কেও এলাউ না করলে এতটা কি হয়?",HOF
314,"ভীষণ ভালো লাগলো। তোমার দৃষ্টিভঙ্গি, যুক্তিপূর্ণ মতামত, আর তার স্বচ্ছ প্রকাশ । এগুলিকে সঙ্গে নিয়ে এগিয়ে চলো । শুভকামনা রইল 🌹",NOT
315,তুমি সমাজের ই ব্রাত্য বুঝলে,NOT
316,"বলাৎকারী আর মদের বিরুদ্ধে কথা বলবেন না। এদের সমর্থনে প্রচুর লোক বেরিয়ে পড়বে। আসল কথা হোল বর্তমান ভারত বর্ষের প্রতিটি রাজনৈতিক দলে চোর , বলাৎকারী, খুনি, গুন্ডারা নেতা হয়েছে। আর আমরা হয়েছি তাদের অন্ধ ভক্ত।আমাদের বিবেক মনুষ্যত্ব রাজনৈতিক দলগুলোকে সমর্থন করতে গিয়ে হারিয়ে গেছে।",HOF
317,এই রকম যদি কোন হিন্দু বলত তাহলে হয়ত অনেক কিছু হয়ে যেত। আমাদের কিছুই বলার নাই। 😭😭😭😭😭,NOT
318,এটি কলিযুগের সঠিক লেংটা মন্ত্রী ।,HOF
319,"কোনো রকমের political correctness এর জন্যই যোগ্যতামান এর সঙ্গে কম্প্রোমাইজ করলে তার ফলাফল কতোটা ভয়ঙ্কর হতে পারে, তার প্রকৃষ্ট উদাহরণ। তবে, এসবের পরেও আমরা এগুলো স্বাভাবিক বলেই ধরে নেবো। 🙂",NOT
320,এই ভদ্রলোক শুনেছি অধ্যাপক। একে কে চাকরী দিলো রে বাবা! এ তো ক্লাস ফোর পাশ নয় মনে হচ্ছে।,NOT
321,"চোরদের ই গায়ে লেগেছে তোমার কথা। তাই এই আক্রমণ। তুমি প্রথম থেকেই সঠিক কথা বলেছো। তবে প্রথম দিনের তোমার মন্তব্য শুনেই শঙ্কা ছিল এই কদর্য বাংলায় সবই তো রাজনীতির আঙিনায় টেনে নিয়ে যায়। তোমার জন্য তাই শঙ্কা ছিল। তুমি তো কোন দল বা কারো কথা বলনি কিন্তু যাদের লাগার তাদেরই গায়ে লেগেছে,কারণ তারা জানে আমরা চোর,দুর্নীতিবাজ,তাই শুধু তাদেরই গায়ে লেগেছে ,তাই আক্রমণ করছে। বাক স্বাধীনতায় তালা লাগাচ্ছে।",NOT
322,বোকা চোদা শিক্ষার পিছন মেরে দিচ্ছে।,HOF
323,"এই video এখন যদি মন্ত্রিবাবুকে দেখানো হয় বলবে যে না না এসব মিথ্যে, আমার বিরুদ্ধে চক্রান্ত করা হচ্ছে আর এর পরও যদি যুক্তি দিয়ে অনেক প্রশ্ন করা হয় তাহলে তো 100% surely বলতে পারি উনি বলবেন যে cpm যখন করেছে কংগ্রেস যখন করেছিল তখন দেখেননি কেনো,, এরা এই ভাবে কাদা ছোড়াছুড়ি করবে লোক দেখিয়ে তারপর লোক চক্ষুর আড়ালে হাঁটুর বয়সী মেয়েদের রক্ষিতা করে পুষবে আর opposition এর নেতার সাথে বসে গ্যালন গ্যালন মদ গিলবে পাবলিকের পিছন মেরে",HOF
324,"তুই যখন সিরিয়ালে কাজ করতিস তখন দেখেছিলাম সিরিয়ালে তুই একটা গাধার রোল করছিস, তোর ওই সিরিয়াল বৌ তোকে যেদিকে পিটিয়ে নিয়ে যাচ্ছে তুই সেই দিকেই যাচ্ছিস, আর আজও ওই গাধার মতোই পথ চলা অভ্যাসটা রয়ে গেছে",HOF
325,গানজা গানজা 🚬,NOT
326,"দেশের জন্য যদি ভালো কিছু এক সৈনিক করে, সে যদি বিজেপি বিরুদ্ধে কথা বলে সে একজন দেশ দ্রোহী",NOT
327,এসব নির্লজ্জ্ব মন্ত্রী কি করে এভাবে বেআইনি কথা বলতে পারে। দলের ছেলেদের কোটার চাকরি হয় প্রথম শুনলাম। মন্ত্রী হলে যা ইচ্ছা তাই করা যায় এই শিক্ষাটা নিলাম।,NOT
328,চট্টগ্রাম থেকে ঢাকায় আসার সময় পুরো পর্বটি শুনলাম এক নতুন রোদ্দুর কে চিনলাম খুবই সুন্দর একটি পর্ব পরেরবার চন্দ্রিল ভট্টাচার্যকে আনার অনুরোধ রইলো,NOT
329,এই হলো শিক্ষা মন্ত্রী চোর চোর চোর তৃণমূলের সবাই চোর,HOF
330,A B P Ananda এত অর্থের দরকার যে এইসব Post করছেন😢 এইগুলো না দেখিয়ে যারা অর্থের অভাবে খেতে পারছেনা তাদের দ‍েখান সুমনবাবু🙏,NOT
331,"সময় মতো ঈশ্বরের কাছে থেকে বিচার পেয়ে যাবি অপেক্ষা কর,,,মাফ চাওয়ার সুযোগ পাবি না।",HOF
332,সবকটা চরিত্র বান ও চরিত্রবতী.......,NOT
333,লজ্জা থাকলে এই সব সামনে বসে শোনা কতোটা কষ্টের ?,HOF
334,ও ঝাপ দেবে না সিয়ানা পাগোল 😀😀 ওকে রদূরে বসে থাকতে দেন ঠিক একা একা নেবে আসবে 😀😀,HOF
335,এই পাঁঠার অধীনে অনেক পাঁঠি আছে। ইডি সেই পাঁঠিগুলোকে বার করে জেলে ঢোকাক।,HOF
336,শোভন বাবু আপনার বাগানে বাজপাখি এসেছে পজাপতি আগলে রাখুন নইলে ছো মেরে নিয়ে যাবে কিছুই করতে পারবে না কিন্তু।,NOT
337,"চোর, চিটিংবাজ, লম্পট, চরিত্রহীনের সহবস্থান গুলো থেকে ABP আনন্দ বেরোতে পারছে না।",HOF
338,সামনে কলেজে মদ মাখা শুরু করো.,NOT
339,দেখো বাংলার ভাই বোনেরা,NOT
340,"সাবাশ,,, আল্লাহ তোমাকে আরো উচিত কথা বলার তৌফিক দান করুক",NOT
341,"এই বাচ্চা মেয়ে তার বাচনসইলি আমাকে অভিভূত করেছে,,সত্যি মেয়েটা কৃতি স্থান অধিকার করার জায়গা রাখে,, তুমি আর ও অনেক বড়ো হও,",NOT
342,এইসব দুশ্চরিত্র প্রিন্সিপাল কলেজের কত কোটি টাকা লুটেছে তদন্ত করলেই বেরিয়ে আসবে l,HOF
343,"সেলুকাস বিচিত্রর দেশ,,🤪🤪🤪🤪🤪",NOT
344,"লোকটা এই জিনিসটা যদি এনজয় করতো, তাহলে এমনটা হতো না। আসলে সবকিছু আমাদের ভাবনার ওপর নির্ভরশীল। ওনার উচিত ছিলো ভিডিও করতে আসা ইউটিউবার দের বলা যে 5000 টাকা ফেলে তারপর ভিডিও করা বা ইন্টারভিউ নেওয়া যাবে। তা না করে, মাথা গরম করে নিজে অসুস্থ হয়ে পড়লো, বিষয়টাকে এনজয় করলে এমনটা হতো না।",NOT
345,"আমাদের টিভি চ্যানেল গুলো কী কানা? নাকী সবাই বিকিয়ে গেছে? কুস্তি গীর দের কোনো খবর করেনা,",HOF
346,"ঠিক এই রকম বাজে মন্তব্য যদি কোনো হিন্দু ব্যাক্তি মুসলিমদের বলতো, তার কয়েক ঘণ্টার মধ্যেই তাকে গ্রেফতার করা হতো। কিন্তূ এই মেয়েটির কোনো প্রকার শাস্তি এখনও হলো না। তাহলে বুঝতেই পারছো আগামি দিনে হিন্দুদের আর কি কি সহ্য করতে হতে পারে। দেখা যাবে আর কয়েক বছর পর নিজেদের অস্তিত্ব টিকিয়ে রাখার জন্য শেষে হিন্দুদের দেশ ছাড়তে হচ্ছে। এখনও সময় আছে, (জাগো হিন্দু জাগো)",HOF
347,কুশিক্ষা মন্ত্রী,HOF
348,যাদের মা একটা আর বাপের ঠিক ঠাকে না তাদের কাছে এর থেকে ভালো কিছু আশা করা যায় না। ওর সাজাহান বাপ তাজমহল বানিয়ে গেছে ওর মা ওকে জানায় নি।,HOF
349,ওই চেয়ারে বসার যোগ্য ব্যক্তি নন।,HOF
350,কেরেলা স্টোরি তে আপনাদের খুব কষ্ট হয়েছে বুঝতেই পারছি ---কুস্তি বীররা বা খেলোয়াড়রা ধণা দিয়েছিল এতে কারোর মাথা বেথা নেই--গনতন্ত্রিক মতে ধণা দিতেই পারে ।। কিন্তু যেখানে নতুন সংসদ ভবন উদ্ধাঘাটন অনুষ্ঠানের জন্য 144 ধারা লাগু করা হয় --সেখানে রোড চেঞ্জ করে অনুষ্ঠানের দিকে এগিয়ে যাওয়া --এটা কি গনতান্ত্রিক ধণা????,HOF
351,সত্যি প্রকৃত শিক্ষিত মানুষের ক্ষত্রে এ রাজ্যের ভবিষ্যৎ দেখে হার্ট এ পেশমেকার বসাতে হচ্ছে।,NOT
352,খালি গায়ে বাবা তার মেয়ের পিঠের ওপর শুয়ে পরেছে .. আহ...কি...মধুর সম্পর্ক......♀️♂️♀️♂️♀️♂️,HOF
353,"এই বয়সে এত পরিণত চিন্তাভাবনা ও বাচনভঙগী ভীষণ আশা দেখাল।এগিয়ে যাও,অনেক শুভেচ্ছা রইল।",NOT
354,"সেই দিন টা কবে আসবে? যেদিন দেখবো, সাধারণ লোকজন এদের জুতিয়ে লম্বা করবে.....🤔🤔",HOF
355,"ওই কথা টাই ঠিক বলেছেন, দুজনেই খুব flamboyent, মানে দুজনেরই চরিত্রের দোষ আছে।",HOF
356,ক্ষতি কী? পরকিয়া তো আইন সম্মত! কে কী খাবে? কে কোন দেবতাকে ডাকবে? কে কাকে ভালোবাসবে? কে কোন ড্রেস পরবে সেটা তার ব্যাক্তিগত ব্যাপার! তাতে আমার বাপের কী?,NOT
357,পুরো শেষ পশ্চিমবঙ্গ.....,NOT
358,যারা আন্দোলন করছে এরা সবাই হিন্দু। আর বিজেপি নিজেদের হিন্দুবাদী সংগঠন বলে দাবি করে। অথচ বিজেপি বা প্রধানমন্ত্রীর কোনো রকম সাপোর্ট এরা পেল না। এখান থেকেই বোঝা যায় বিজেপির হিন্দু প্রেম আসলে শুধু ব্রাম্ভন্যবাদ। অন্য জাতির সবাইকে এরা পায়ের নীচেই রাখতে চায়।,HOF
359,যেখানে এই ধরনের রুগী থাকে সেখানে ঘরে জানালার গ্রীল লাগানো থাকেনা কেনো?,NOT
360,এই লোক গুলোকে উলঙ্গো করে পিপড়ের উপরে বসানো দরকার....!!🤣🤣🤣,HOF
361,"বাবা মেয়ের সম্পর্ক মধুর। সেটা আর কালিমালিপ্ত না করলেও চলবে। মেয়ে মেয়েই থাকে, কিন্তু সেই মেয়ের যখন বয়স হয় তখন.........!! যাক ওনার নিজের মেয়ের সাথে ওই রকম ছবি আছে কি ??",NOT
362,একজন শিক্ষিকা যদি সমাজে এই উদাহরণ তুলে ধরেন তবে সমাজ কোন পথে টা আর বলার অপেক্ষা রাখে না। A B P ...... আনন্দ ! আপনাদের কে ধিক্কার জানাই এমন বিষয় কে সংবাদ হিসাবে তুলে ধরার জন্য,HOF
363,দিল্লির আন্দোলনরতের এই ভাবে তুলে দেওয়ার কায়দা যদি কোলকাতার আন্দোলনরতদের উপর হয়!!!!!!তিনটি দলের নেতারা কী বলবে?????? দিল্লির ঘটনা নিয়ে তাদের সেরকম কিছু বলতে শোনা যাচ্ছে না। শুধু তৃণ আর এস ইউ সি মাঠে নেমেছে।।।,NOT
364,"কাকু হিরো আলম কে মাখা টা শিখিয়ে দাও। বা***-***আ ,মাখাতে আর দেখতে সব নেট শেষ।",HOF
365,নেতা মানার আগে নেতা চিনে নিন আর খবর শোনার আগে চ্যানেল চিনে শুনুন। ভারামির সীমা থাকা উচিত।,NOT
366,"ভাইরালের মধ্যে প্রচুর ভাইরাস,,,, সাবধানে কাকু,,",NOT
367,"ওরা হলো সেই মহাপুরুষ, যাদের জন্য এই সোনার বাংলার এই অবস্থা।।",NOT
368,"পশ্চিমবঙ্গের বাঙালি হিন্দুদের জন্য ভালো দিন আসতে চলেছে৷ পশ্চিমবঙ্গ যে বাংলাদেশ হতে আর বেশি দিন বাকি নেই এতো তারই আভাস৷ কিছু তো বলা যাবে না এদের ওপর আবার এদের মমতাময়ী মায়ের হাত আছে৷ প্রতিবাদ করলেই তুমি সাম্প্রদায়িক ,বিজেপি, আর এস এস এর দালাল আরো কত কি বলবে ৷ আর সমস্ত লিবারেল সেকু মাকু এই বেলায় চুপ থাকে।",NOT
369,আবার কী হলো? মাঝে মাঝেই চাগিয়ে ওঠে আবার বসে পড়ে। কেনই বা ওঠে কেনই বা বসে কে জানে!,NOT
370,বাবা মায়ের দেওয়া নাম যথার্থ সার্থক ۔۔۔যারা হয়তো একটি পঙ্গু শ্রেণীকে বুদ্ধি জিবি ভেবে তাদের কাছ থেকে অনুপ্রেরণা চায় ۔۔তার থেকেও এই বয়েসে সমাজ সংস্কৃতি সন্মোধ্যে যে পারিপার্শিক জ্ঞান অনুভব করে বলতে শিখেছে এদের কাছে আমি মনে করি তথাকথিত লুকিয়ে থাকা ছাতা বদল মানুষ গুলি নগন্য ۔۔,NOT
371,শিক্ষামন্ত্রী নিজে অশিক্ষিত নিজে সিকার করল।,HOF
372,আরে পড়াশোনা না করে সুগার ড্যাডি বানিয়েছে। 😂😂😂😝😝,NOT
373,"এরা হচ্ছে অপদার্থ বুদ্ধি বিচি, জিবি।",HOF
374,যে নারী নিজের ধর্ম সম্বন্ধেই অজ্ঞ সেই নারীর মুখে নিজের ধর্মের সম্বন্ধে মন্তব্য সোনা নেহাতই হাস্যকর। যা মন্তব্য এ করছে তা কোনো ধর্মীয় শিক্ষা নয়.... এত অন্যায় কথা বলে এ নিজের ধর্ম এবং নিজের ধর্মীয় শিক্ষার অপমান করছে।😂,NOT
375,"অসাধারণ। ভানু, জহর, রবি, অনুপ কি এনার কাছে পাত্তা পায়! একেবারে হাতে গরম।",NOT
376,যাই হোক আমরা গরু কে রুটি খাওয়ানো লোক আর তোমরা রুটির সঙ্গে গরুর মাংস খাওয়া লোক এটাই পার্থক্য আমাদের আর তোমাদের মধ্যে আর কিছু বলার নেই । জয় শ্রী রাম,HOF
377,একজন মহাপুরুষের কথা মনে পরেগেলো যে ..যখন তোমাকে কেউ পেছন দিক থেকে টেনে ধরে নামাবার চেষ্টা করবে বা তোমাকে নিয়ে বেশি কাটাছেরা করবে তখন তুমি যানবে তুমি ঠিক দিকেই যাচ্ছ।,NOT
378,"মূর্খ লোককে কিছু বোঝানো বৃথা,,,প্রথমত সে নিজের ধর্মকেই সন্মান করতে পারে না,,,,পৃথিবীতে কোনো ধর্মেই বলা নেই অন্যের ধর্মকে অপমান করা,,,,,আর হা কি বলে আমরা কালিমা কে দেখেছি কিনা,, আপু তুমি কি আল্লাহকে দেখেছিলে,, বেয়াদব কোথাকার আসিও সব বুঝে দিব সনাতন,পুরাতন, চির সত্য,,,,",HOF
379,ক্লাস নিলে আপনাদের সমস্যা কি🤣🤣🤣 মা বউয়ের সামনে🤣🤣🤣🤣,NOT
380,চপ শিল্পের পর আম মৃষ্টি শিল্প এর পর পাটালি শিল্প,NOT
381,চাকরি করার জন্য শিক্ষার যোগ্যতার কোনো প্রয়োজন নেই আমাদের রাজ্যে। এই কথাটা কে বলছে আমাদের শিক্ষা মন্ত্রি 😁😁,HOF
382,"তোমার মেয়ের সঙ্গে হয়েছে তুমি তো এখন দোষ ঢাকতে চাইবে, খালি গায়ে মেয়ের সঙ্গে সত্যি খুব ভাবার বিষয়",NOT
383,বাদরের গলায় মুক্তো হার দিলে যা হয়।,HOF
384,এটা পশ্চিমবঙ্গে লজ্জা আছে এইরকম একজন শিক্ষা মন্ত্রী আমরা পেয়েছি। যখন মন্ত্রী বলছে কারো পা চাটে চাকরি পাওয়া যায় কি হতে পারে??,HOF
385,"আমি এত দুর পড়াশোনা করেছি, কিন্তু কখনো এরকম পরিস্থিতি আসে নি আমি কেন, কোনো অন্য ছাত্র/ছাত্রী কেও দেখি নি যে প্রিন্সিপালের মত এত বড়ো পোস্টের মানুষ, কলেজের এত student এর মধ্যে একজন কে বেছে নিলেন যার সাথে পোশাক হীন ভাবে ছবি তোলা যায় ?",NOT
386,"সনাতন ধর্মে,,, নারী কে দেবীর সম্মান দেওয়া হয়ে থাকে।,,, সেটা হোক কারো,,মা,, বোন অথবা বউ,,,আর ইসলাম তো শান্তির ধর্ম,,, কিন্তু তবুও কোনো নারী কে,,, নিজের ধর্মের প্রতিষ্ঠানে প্রবেশ নিষেধ,, করা হয়েছে।,,,তাই অন্য ধর্মের কোনো নারী কে,,, গালাগালি দিয়ে নিজের,, পাপের বোঝা বাড়িয়ে ভুল করবো না।,,, ভুল ত্রুটি হলে সবাই ক্ষমা করবেন 🙏😊😌",NOT
387,তোর পুটকিতে ভরবো চাকরি,HOF
388,অপদার্থ শিক্ষা মন্ত্রী।,HOF
389,ভোঁদাংশুর কপালে ফুল চন্দন পড়ুক। ওর ঐ কথাটা যেন সত্যি হয়…🥴,HOF
390,এগুলো জর্জ সারসের টুল কিট। সুপ্রীম কোর্ট খোলা আছে।শুধুই রাজনীতির প্রপাগান্ডা।CAA এবং কৃষি আন্দোলনের ধাঁচে আরো একবার নাটক।,NOT
391,"ওই চাকরির বেতন টা সাধারণ মানুষের করের টাকা,কোনো পার্টির বাপের টাকা থেকে দেওয়া হয়না।",NOT
392,এবার অন্তত ভোটটা বুঝেশুনে দিন।কারণ আপনার ঘরের ছেলেমেয়েদের নিশ্চয় চাকরির জন্য পড়াশুনা ছেড়ে দেওয়ালে লিখতে পাঠাবেন না।,NOT
393,প্রেরণা বড় বিপদে ফেললে পরের বার থেকে মেরিট লিষ্ট প্রকাশ হবার আগে পুরো পরিবার এর মেরুদণ্ড বিচার করা হবে। চল পশ্চিম বঙ্গে এমন মেয়ে আছে জেনে মন ভালো হল,NOT
394,পশ্চিমবঙ্গের বঞ্চিত বাঙচোত আমরা সাধারণ জনগণ এই দেখে কতো আনন্দ পাচ্ছি,HOF
395,"চাকরিটা কী মন্ত্রীর পৈত্রিক সম্পত্তি যে উনি ন্যায্য কোটার চাকরি বলে নির্লজ্জভাবে গলা ফাটাচ্ছেন? উনি রাজ্যের শিক্ষামন্ত্রী, ভাবতেই শিউরে উঠতে হয়।",HOF
396,দু পয়সার মিডিয়া এই পোষ্টের মাধ্যমে নিজেকে প্রমাণ করেছেন সত্যি তার এই নামের যোগ্য ।,HOF
397,তোর বাপের চাকরি আগামী নির্বাচনের পর দিস,NOT
398,ন্যাকামোর একটা লিমিট থাকে লজ্জা করে না দুটো জেলে আর এরা তিনটে বাইরে রঙ্গ দেখাচ্ছে।,HOF
399,এগুলো কি কুরুচিকর ঘটনা...তাও আবার এবিপিপ্রচার করছে..চ্যানেলটার জঘণ্য পরিস্থিতি,HOF
400,এবার মদনের কাছে যা।এত সস্তা নিজেকে করতে পারে মহিলা।,NOT
401,"অন্য কোনো দলকে ভোট নয় সব ভোট আমাকে দাও নাহলে ওরা ক্ষমতায় চলে আসবে আর তোমাদের অবস্থা খারাপ হয়ে যাবে .....সাম্প্রদায়িক ইস্যু কে জাগিয়ে ভোট লুট করা আর কতদিন??(ভোট নেওয়ার সময় সাম্প্রদায়িক ভাই বোনদের মাথায় *আজগুবি উস্কানি মূলক* ভুলভাল বুঝিয়ে ভোট নেওয়া কিন্তু ভোটের পরে তাদের আর ফিরেও তাকায় না, তা স্পষ্টভাবে বোঝা যাচ্ছে কারণ এত দুর্নীতি এত *কোটি কোটি* টাকা তছনছ হয়েছে, এত টাকা চুরি হয়েছে, এত লুট টাকা লুট হয়েছে কিন্তু দুঃখের ব্যাপার কোন সাম্প্রদায়িক বন্ধু অর্থাৎ মুসলিম বা আদিবাসী কিংবা অন্য সম্প্রদায়ের ভাইবোন দের নাম আজ পর্যন্ত চুরির খাতায় নেই, বা টাকা লুট সময় তাদেরকে আর তাকাইনি, ভোটের রাজনীতির পর তাদের কে ভুলে যায়,,,) এই ভাবে আর কতদিন ভোট হবে । *আই ওয়াশ ও ব্রেন ওয়াশ* করে আর কতদিন বোকা বানানো চলবে....*রাজ্যের শিক্ষিত যুব সমাজ তা জানতে চাই আর কতদিন চোখের জল ফেলবে .....**অযোগ্য মাটিমাল দের* জন্য এত কান্নাকাটি..যোগ্যরা আজ পথের সাথী,,*এতো চুরি দুর্নীতির শেষ কোথায় ?**উন্নয়ণ বলতে কি শুধু রাজ্যের কোষাগার ফাঁকা করে *ভাতাশ্রী* ও অনুদান দিয়ে পরোক্ষভাবে ভোট কিনে আর কতদিন ক্ষমতায় থাকবে ?*রাজ্যের উন্নয়নের ৮০% টাকা ঘুরপথে *নেতাদের পকেটে চুরি ও দূর্নীতির* কারনে ঢুকে যাচ্ছে।*কবে *দূর্নীতিমুক্ত ও চোর মুক্ত* সমাজ ফিরে আসবে জানতে চাই সাধারণ মানুষ ....*এই ভাবে আর কতদিন...কতদিন....*কতদিন....*???",HOF
402,প্যারাসিটামল আর হাগার ওষুধ মেখে দিন এক প্লেট করে দু বার,HOF
403,"তার মানে তোরা বলছিস যে সরকারি চাকরিগুলো তোদের পৈত্রিক সম্পত্তি,, বাংলার সব থেকে লজ্জিত শিক্ষামন্ত্রী।",HOF
404,এতো উচ্চ মানের কথা সকলের বোধগম্য হবার নয় তাই তারা বিরুপ মন্তব্য করেছে...তুমি এগিয়ে যাও লক্ষে ...উন্নতি কর নিজের দেশের সমাজের...অনেক শুভেচ্ছা তোমায়....,NOT
405,আমাকেও দেওয়াল এর লিস্ট দিন দাদা .... আমিও লিখবো - আমি পড়াশুনো তে ভালোই ছিলাম - কিন্তু হাতের লেখা টা ভালো নয় - গ্রুপ - ডি - পাবো দাদা .... ও দাদা গো 🤔,NOT
406,এই রকম দুঃসাহস কোথা থেকে পাই এরা। এটা কখনো ইসলামের শিক্ষা নয়। আজ যদি সামাজিক এবং ধার্মিক শিক্ষা তার মধ্যে থাকত তাহলে কোনো ধর্মকে নিয়ে এই রকম বাজে মন্তব্য করতে পারত না। অতি তাড়াতাড়ি আইনি হেফাজতে নেওয়া হোক এবং কঠোর শাস্তির দাবি রাখছি।।,HOF
407,"সাংবাদিক মহাশয়কে খুব সাদামাটা লাগছে। ওনাকেও সংবাদ সংস্থার পক্ষ থেকে একটি ঝাকানাকা ড্রেস দেওয়া উচিত ছিল। সুন্দর সাদা ভাতে ঘি, মাছের মাথা দেওয়া সোনা মুগডাল মেখে গ্রাস তুললে পরম তৃপ্তির সাথে খেতে থাকলে হঠাৎ যদি কাঁকড় পড়ে ওনাকে তেমনি লাগছে। সুজলা সুফলা বাংলার সর্বাপেক্ষা বড় সংবাদ সংস্থা গোষ্ঠীর সাংবাদিক যিনি কিনা বাঙালি জাতির সর্বকালীন সেরা জুটি এবং 'সেরা ক্রাশের' সাক্ষাৎকার নিচ্ছেন তার এরকম পিছিয়ে পড়া পরিচ্ছদ দেখলে ভাল লাগে না । আশাকরি আগামী দিনে পরিধানের দিকে আপনারা বিশেষ খেয়াল রাখবেন।",NOT
408,বাংলার কৃষ্টি-কালচার কোন জায়গায় নামছে এদের দেখলেই বোঝা যায়।,NOT
409,অপদার্থ যেমন মুখ্যমন্ত্রী,HOF
410,"বেঁচে গেছি কলেজে যাইনি, এগুলো দৃশ্য দেখে কি হতো আমার কলেজের প্রিন্সিপালের সাথে ছাত্রী🤣🙏",NOT
411,"Oh lovely👌😊😊পাগলাচোদার দল, খানকির ছেলে।",HOF
412,কোথায় বাস করি আমরা ভাবতেই ঘের্ণা লাগছে,NOT
413,দেবাংশুর রাগ হওয়ারই কথা।,NOT
414,সরকারের মদত পুষ্টদের বিরুদ্ধে কথা বললেই দেশবিরোধী হয়ে যায়।,HOF
415,দাদা তুমি খুব সুন্দর বক্তব্য দিতে পারো এর সঙ্গে সঙ্গে কবিতাটা তো লিখতে পারো। এরপর যাতে একাডেমী পুরস্কারটা তুমিই পাও আশা করব।,NOT
416,"চলচ্চিত্র অভিনেতা হয়ে, আপনার মাথায় গোবর ভরে গেছে, আপনি একজন মূর্খ রাজনৈতীক দলাল, আর শিক্ষিত যুবসমাজের মধ্যে পার্থক্যটা বোঝার ক্ষমতা হারিয়েছেন, এই আপনি শিক্ষামন্ত্রী,, মানে জানেন না হুজুকে মন্ত্রী?",HOF
417,এখন মারা গেছেন,NOT
418,বাবা!- গল্পের আড়ালে লুকিয়ে থাকা এক মহা নায়ক। তিনি তার দায়িত্ব পালন করছেন। বাবার তুলনা হয় না। 💔💔,NOT
419,মমতা প্রধানমন্ত্রী হবে আর দেবাংশু বাচ্চা প্রসব করবে এক ই ব্যাপার😂,HOF
420,আমাদের পারার কুকুর এনার থেকে শিক্ষিত 😡😡,HOF
421,ইসলাম কাউকে বাধ্য করেনা।যার ইচ্ছে সে বের হতেই পারে। ব্যবসায়িক মুনাফা আর রমজানের আধ্যাত্মিক যোগ পুরোপুরি উল্টো।,NOT
422,এরা মোদির বিরোধীতা করতে করতে কবে যে দেশ বিরোধী হয়ে গেছে নিজেরাও জানেনা,HOF
423,মোদীর জামানাই মুখ খোলা বন্ধ। মুখ খুললেই দেশ বিরোধী তকমা। মনে হয় জানো ওনার পাপ দেশ স্বাধীন করে গেছে। যা ইচ্ছা তাই করছে। ওদিকে আবার গোসাই দের নিয়ে নতুন সংসদ ভবনের সূচনা সম্পূর্ণ হলো। যার কোন দরকার আছে বলে মনে হয় না। দেশের জনগণ জাহান্নামে যাক। ওনারা নতুন সংসদ ভবনের হাওয়া লাগাক। জাতি ধর্ম নির্বিশেষে সকল মানুষের সমান অধিকার আছে এটা ওনাদের কথা। আবার মাননীয়া রাষ্ট্রপতি আমন্ত্রণ পেলেন না। কি আশ্চর্য রাজনীতি। সত্যি এরা দাম পেলে বাবা মা কে বেঁচে দেবে। ধন্য এরা।,HOF
424,আহারে পার্থ বেচারাটা,NOT
425,"দাত খুলে গেলো বা""""""""""""""",HOF
426,"দিদি, মূখখ মন্ত্রী কার ? , ব্রাত্য বাবু, আপনি শিক্ষা মন্ত্রী পশ্চিম বাঙলার ? নাকি T m c - এর ?????? তোমাদের আনা, গেল বাঙলা চোদ্দ আনা ।",NOT
427,এবার মনে হচ্ছে শোভনের ঘরটা ভাঙলো।,NOT
428,"মিথ্যা কথা, কালকেও দেখলাম উনি মাখাচ্ছেন",NOT
429,যখন বাংলাদেশে হিন্দুদের ওপর আক্রমণ হয় তখন আপনারা কোথায় ছিলেন। পা চাটা ব্যাবসা বন্ধ করুন।,HOF
430,চাপি চাপি চটি চাটি।। ঠিকই বলেছেন আপনি চটি ছাড়া লোক হলে এটাই হবে।। আপনার জন্য মনে যতটুকু সম্মান ছিল চটি চাটার জন্য সে সম্মানটুকু বেরিয়ে গেল,NOT
431,আমি অর্নিবাণের প্রায় সব ইন্টারভিউ দেখি বা শুনি। কিন্তু এই কথোপকথন টা এত সুন্দর ভাবে আপনি উপস্থাপন করেছেন সত্যিই দুর্দান্ত। এত সুন্দর সুন্দর প্রশ্ন করেছেন আর অর্নিবাণ এত সুন্দর ভাবে উত্তর দিয়েছেন এক কথায় অনবদ্য।,NOT
432,চারিপাশে উন্নয়ন দাড়িয়ে আছে,NOT
433,পেছনে ঘুরলে চাকরি পাওয়া যায় তবে শিক্ষার দরকার কি। যাই বলেন শিক্ষার একটা দাম হওয়া দরকার।,NOT
434,লেখাপড়া বন্ধ করে ওর সঙ্গে পার্টি করুন সবাই চাকরি পেয়ে যাবে। এটা নাকি একটা মূর্তি যোগ্যতা আছে,NOT
435,এসব শুনে একটি কথাই মনে পড়ছে। রাজ মাতা মূর্খ মাতা। বাহুবলি,NOT
436,যাক যাক অনেক বুঝলাম কোন বউকে আবার গল্প করছে বাবা মেয়ে,NOT
437,আর তুই আমার বড়ির পালিত ষাড়ের বীজের পুত্র ' যাকে আমি ৩০ বছর আগে জবাই করে খেয়েছি🤪🤣,HOF
438,এর থেকেও বেশি আর কি আশা করা যায়।,NOT
439,"আমরা কলেজের প্রিন্সিপাল কিংবা প্রফেসর ম্যাডামদের সঙ্গে ঠিকমতো কথাই বলতে পারিনি ক্লাস করতে বললে বলতো কয়জন ছেলেকে জোগাড় করো, তবেই ক্লাস করব",NOT
440,"জানালা দিয়ে মোবাইল টি ফেলে দিন,বলুন ফোন টি কুড়িয়ে দেওয়ার জন্য।",NOT
441,আপনি যার কথা বললেন সেই কর্মীগুলো কিন্তু একজনও চাকরি পায়নি চাকরি পেয়েছে নেতাদের চৌদ্দগুষ্টি আর যাদের টাকা আছে,NOT
442,"লুম্পেন এর দল ,,,,, এর চাইতে ভালো ভাষা খুঁজে পেলাম না",HOF
443,এ ফেডারেশন তুই চুপ কর। তোরা কেমন হোস সেটা ভালো করেই জানা আছে। পকেটে টাকা গুছিয়ে পভরেছিস.... বালি পাট্টা নিয়েছিস কলেজে পাটি করে কতো আর ধামাচাপা দিবি,HOF
444,আইনি ভাবে পদক্ষেপ নিলে আপনাদের মুখ টা যেটুকু আছে সেটুকু থাকবে তো ?,NOT
445,আমার বিদেশি বউ নেই না হলে আমিও রাখতাম আলু চপস,NOT
446,দেদে৷৷ এগিএ৷ বংলা৷ সব বেচে দে,NOT
447,আপনি ওই রাবিশ খেয়ে দেখেছেন ?,NOT
448,"তা বলেএকে বারে মুর্খ ছেলেকে, যোগ্য কেউ ছিলোনা, আমি এইট পাস কিন্তু সাইনবোর্ড লিখতে বা দেওয়াল লিখতে পারি। সরকারী চাকরি পাবো সেই রকম একটা চাপরাশির, ইস্কুল টিচার তো নয়।",NOT
449,তাহলে শেষের শুরু-'আঠার বছর বয়স ভয়ঙ্কর'...salute জানাই।আগামী।,NOT
450,এরা কংগ্রেসের প্রার্থী হয়ে যাবে। মোদী বিরোধী করতে করতে দেশ বিরোধী উপরে চলে গেছে,NOT
451,এক সাথে এত লোক এসে ওনা কে বিরক্ত করছে ইচ্ছে করে সবাই মিলে এক সাথে আসে ওনার কথা গুলো কে ইচ্ছে করে বাজে ভাবে দেখায়,NOT
452,"এবার আমি একটা বই লিখব বইটির নাম,,,,,দিদির দেওয়া ঘরোয়া ব্যবসার টোটকা,,,,",NOT
453,এগুলো দেখিয়েই নিজেদের চ্যানেল বাচিয়ে রাখতে হচ্ছে এবিপি কে।,NOT
454,"খুব তাড়াতাড়ি দেবাংশুর ভাই হচ্ছে,তাও আবার যমজ।",NOT
455,তাহলে Cpm এর সমালোচনা করেন কি করে। এ সব বলবেননা জেলে যেতে হবে। নিজের টা নেজ্যো অন্যের বেলায় চুরি। নেজ্য কোটা রেট কতো।,HOF
456,মন্ত্রীর চাকরির কোটা থাকে নাকি ! হায়রে এ কেমন শিক্ষামন্ত্রী !,NOT
457,চপের ভেতরে রসগোল্লা নিগড়ে দিলে কেরম হয়.??,NOT
458,অবাঞ্ছিত মিডিয়ার জন্য এই অবস্থা।,HOF
459,এদের জন্ম কেনই বা হয় বুঝে আসে না পুলিশের উচিত শুধু এই মেয়ে কে নয় সাথে সাথে পুরো পরিবার কে অ্যারেস্ট করা,HOF
460,এরা প্রকৃত শিক্ষিত!? এরা গরিমার বঙ্গের মন্ত্রী!?আবার শিক্ষা মন্ত্রী !? -যেমন মুখ্য তেমনি সখ্য! মানিকরা জুটেছে ভালো!! বাংলার /বাঙালীর শিক্ষা দীক্ষা সংস্কৃতি ঐতিহ্য সব শেষ করে দিলো।-আবার বলে এ নিয়ে কার কি বলার আছে!? বাপের পৈতৃক কারখানা যেন শিক্ষা দফতর!!,HOF
461,এত সুন্দর ভাবে শুরু হল।পুরোটাই শুনলাম। তবে যিনি সাক্ষাৎকার নিচ্ছেন তিনি প্রদীপ্ত ভট্টাচার্যকে কোনো টপিকই পুরো করতে দিচ্ছেন না। একটা শেষ হওয়ার আগে তার উপরেই আরেকটা প্রশ্ন চাপিয়ে দিচ্ছেন। যেটা আমার ভীষণ অস্বস্তিকর লাগল।..,NOT
462,ওনাদের মূল্যবৃদ্ধি নিয়ে কোন কথা বলতে শুনি না. পেট্রোল-ডিজেলের দাম কমানো নিয়ে কোনো বক্তব্য শুনি না.,NOT
463,যথাযত উত্তর...... তবে যারা খিল্লি করছে..... তাদের এই উত্তর এর মর্ম বোঝার বা তার এই বিশ্লেষণের মানে বোঝার ক্ষমতা নেই...... যে যতই চেষ্টা করুক মুড়ি আর মিছরির এক দর হতে পারে না..... সুতরাং এদের কথা গায়ে মাখার কোনো দরকার আছে বলে আমার মনে হয় না.....,NOT
464,"দাদা এখানে কিছু তৃনমুল কর্মি আছে যারা কোনো কাজ করেনা শুধু দেওয়াল লিখন করে,পতাকা লাগায়, ফাট দেখায়, দাদা নামগুলি দেব! স্কুল গুলিতে মমতা আসার পর একটি ও মাস্টার নিয়োগ হয়নি, যদি মাস্টার হিসাবে নিয়োগ করে দিতেন ছেলে গুলির উদ্দ্যেগ বাড়ত দাদা।",NOT
465,তৃণমূল আবার মিনারেল ওয়াটার কবে ছিল!!,NOT
466,শারদীয় দুর্গোৎসব বাঙালী সনাতনী ভাই-বোনদের সবচেয়ে গুরুত্বপূর্ণ আনন্দোৎসব। এই উৎসব মুখরিত সময়ে নিউজের কি আকালই না পড়েছে....😀😀,NOT
467,"দূর্নীতি করবো বড় গলায়, কার কি বলার আছে ⁉️",NOT
468,সিনেমা অভিনেতা আর এস এস এর লোক? তা না হলে মাথায় রুমাল দিয়ে ঢাকা দেননি কেন?,NOT
469,"দিল্লী পুলিশ বহুদিন আগেই হলফনামা দিয়েছে, যে ওখানে ধর্না প্রদর্শন করতে পারবেননা। high security zone বলে। তারপরেও ওখানে কি নাটক না করলেও চলছিল না? এই আন্দোলন দুর্ভাগ্যজনক ভাবে রাজনৈতিক হয়ে গেছে....এরা প্রত্যেকেই টিকিট পাবে। এমন সব স্লোগান উঠছে ওখানে, যা প্রমাণ করে এর পিছনে ইন্ধন আছে। নয়তো বেছে বেছে ভিনেশ ফোগট আর সাক্ষী মালিক ই ক্যামেরা ফ্রন্টে আসছে কেন? বাকি মুখ গুলো কই? তবে হ্যাঁ আমিও মানি, যে সরকারের উচিত ছিল আরো smartly ব্যাপার টা handling করা। এতে sympathy পেয়ে গেল ওরা।",HOF
470,বাংলাদেশ সরকারের উচিত ইন্ডিয়ার সীমান্তে দেওয়াল নিম্নান করা আগামীতে বাংলাদেশের অর্থনৈতিক উন্নতি হলে দাদা বাবুরা পিপিলিকার মতো লাইন দরে বাংলাদেশে ডুকবে,HOF
471,মাতাল দের অ্যাড্ড,HOF
472,খালা এখন কাউকেই বিশ্বাস করা মুশকিল। পার্থ দাদুকে দেখার পর ।,NOT
473,সারাদিনে ক্লান্তি দূর হয়ে যায় এই কল তলার পিসি প্রলাপ শুনে🐵,NOT
474,"মেরা দেশ মহান ,mp mla দের আর বিজেপি র নেতাদের স্পেশাল প্রিভিলেজ দিতে হবে!",NOT
475,দেশের সেরা কমেডিয়ান রাজনৈতিক দল,NOT
476,ছাত্রী আর principle দুজনেই মেনে নিচ্ছে তাতে অন্যের জালার কি আছে?,NOT
477,"খুব সুন্দর যুক্তি দিয়ে কথা বলেছ দাদা। এগিয়ে চলো, সাথে আছি ✊",NOT
478,আপনার কোটার চাকরি মানে? এতো ঔদ্ধত্য আপনি! আপনি আমাদের শিক্ষা মন্ত্রী! আপনি প্রশ্ন মালার উর্দ্ধে নন। একশ বার সহস্র বার লাখ বার কোটি বার প্রশ্ন করতে পারেন জনগণ। আপনি গলার উঁচু করে করে ঔদ্ধত্যপূর্ণ কথা বলছেন।,HOF
479,একজন অচেনা মানুষের সঙ্গে কিভাবে বলতে হয় সেটা আগে শিখুন।,NOT
480,"কট্টর চরমপন্থী হিন্দুত্ববাদীদের খুশি করার জন্য একটাই পিক🫣🫣🫢, মানুষ সবাই সমান সমান । কেউ কাউকে বলো না শয়তান । কেউ কাউকে করোনা অপমান।",NOT
481,"হাজার চিন্তার ভীরে সবই হারিয়ে গেছে বলে মনে হয়। পান্তা ভাত শরীরের পক্ষে ভালো, কিন্তু বেশি টকে গিয়ে বকে গেছে।",NOT
482,"আমরা হিন্দুরা কোনদিন ধর্ম নিয়ে কোন কথা বলি না কিন্তু ওরা সবসময় আমাদের ধর্মকে ছোট করে আর বাজে কথা বলে, এটাই তফাৎ ওদের আর আমাদের মধ্যে 😌✨",NOT
483,একটা পদে বসা মানে নিচের একটা দায়িত্ব নেওয়া শিক্ষা মন্ত্রী হয়ে যদি অশিক্ষিতদের আপনার সাথে ঘরে দেখে চাপিয়ে দেন। তাহলে আপনার মত মূর্খ এই রাজ্যের ভিতরে খুব কমই আছে শিক্ষা মন্ত্রী কে এই অধিকারটা কেন দেওয়া হয় সেটাই আপনি বুঝতে পারলেন না বুঝবেন কি করে রাজনীতির ভূত মাথার উপরে নৃত্য করছে,HOF
484,এই না হলে আমাদের মিডিয়া। চালিয়ে যায় পা চাটা যতক্ষন না পায়ের হাড় বেড়িয়ে যায়,HOF
485,এদের তিন জনের পোঙায় বড় বড় বাস টা নিয়ে ভোরে রাস্তায় টানিয়ে রাখতে হবে,HOF
486,"দাদা নাটকের লোক তো, তাই শিক্ষা ব্যবস্থা-টা আজ নাট্যমঞ্চ তৈরি করেছে।",NOT
487,"আরেস্ট কাদের করে একটু জনকারী করে ইমজ ছারবেন,শুধু মোদী বিরোধে নয়।",NOT
488,ছিঃ ছিঃ ছিঃ এই ধরণের লোকগুলিকে সামাজিকভাবে বয়কট করা উচিত,HOF
489,"শিক্ষকের নামে কলংক, ছাত্রীদের বেষ্যা মনে করে, পন্সিপালের সাসপেন্ড করা উচিত, লজ্জা লাগেনা ছিঃছিঃ ছিঃছিঃ ছিঃছিঃ",HOF
490,আমারও নিজের বাবা আছে আমার দাদু আছে কে এরকম খালি গায়ে এরকম করে ছবি তোলে কোন মেয়ের সাথে। এটা কোন বাবা,NOT
491,"এটা একটা বড় বোকা,,___ মন্ত্রী",HOF
492,এটা দেশের কাছে লজ্জাজনক !,NOT
493,প্রেরণা তুমি অনেক বড় হও। মানুষের মত মানুষ হও এই কামনাই করি। ❤️,NOT
494,নিশ্চয়ই। সেটাই ঠিক করা। বই খাতা শিকেয় তুলে দেন না দাদা।,NOT
495,ছি ছি ছি চাকরি আবার কোটা হয় অশিক্ষিত শিক্ষা মন্ত্রী,NOT
496,"আমার নাতনির বয়সি একটা বাচ্চা মেয়ের মুখে এত সুন্দর ভাবে একটা জোরালো প্রতিবাদ শুনে মনটা ভরে গেলো। যারা এর বিরুদ্ধে বলছে ধিক তাদের মানসিকতা। প্রবাদ আছে 'আম গাছে আম ই ফলে, গাব গাছে গাব'। আমাদের ভাষা এবং ব্যবহার প্রমান করে আমরা কোন পরিবার থেকে এসেছি।",NOT
497,একভাবে একটানা কখনোই কোনো পডকাস্ট এভাবে শুনি! ধন্যবাদ অর্ক দা।,NOT
498,চোদোরভাই,HOF
499,এইরকম ধরনের এক্টি কেস দেখেছি 60 বছরের টিউশান টিচার 30 বছরের ছাত্রীর সাথে ঘনিষ্ঠ ভাবে ছবি তোলা মেলা মেশা সব কিছুই করছে তারপর মেয়েটিকে পরিচয় দিচ্ছে যে মেয়েটিকে মেয়ের মতো ভালোবাসে ( হ্যাঁ তবে যাদবপুরিয়া মাল) 🤣😂😂😂,NOT
500,যারা দেওয়াল লিখন করেছে তাদের চাকরি দেয় না এরা শুধু টাকা বেশি দিতে পারে সেই জনকে চাকরি দেয় । যারা কাজ করে তাদের এরা ব্যবহার করে । সুখের সময় তাদের কেও খবর রাখে নাই আমি তার প্রমাণ ।,NOT
501,এই লোকটার কাচা সবজি মাখা বন্ধ করে দেওয়া উচিত এটা ভালো।,NOT
502,মদন এসেছে চুনদন দিতে,HOF
503,এবিপি আনন্দ এগিয়ে থাকে এগিয়ে রাখে নাকি?? এই তার নমুনা!! সমাজে কি বার্তা দিচ্ছেন?? বাড়িতে নিজেদের সন্তান দের ABP দেখতে উৎসাহিত করবেন ত??,NOT
504,সাথে একটু ডান্ডিয়া টা হলে জমে যেত,NOT
505,এরাই আমাদের নেতা। বাঙলা কোথায় যাচ্ছে কেউ ভাবেনা ।যেদিন ভাববে সেদিন আর ফিরে আসার পর পাবে না।,NOT
506,ছোটবেলায় হয়তো এর মা বাবা একে পোলিও টিকা খোয়াই নি.. সেই জন্য এই অবস্থা 🤣🤣,HOF
507,এটা স্পষ্ট নিয়োগ দুর্নীতি। সরকারি চাকরি ঘোষিত ভাবে দলের লোককে দিয়েছেন মানে দুর্নীতি ও ক্রাইম করেছেন। আপনি পদত্যাগ করে আদালতে আত্মসমর্পণ করুন।,NOT
508,যারা আপনার হয়ে কাজ করেছে।তাদের কে care taker র চাকরি দেন। তাহলে রাজ‍্যের শিক্ষা মন্ত্রী হয়ে আপনার প্রক‍ৃত শিক্ষার পরিচয় জনগণ জানতে পারবে।,NOT
509,এ রাজ্যেরে নেতা মন্ত্রীদের তোমার ভাষা বোঝার শক্তি আছে বলে মনে হয় না,NOT
510,অশিক্ষিত কি আর বুঝবে শিক্ষার মান,HOF
511,পাশে বাংলাদেশ গরু পাচার সুবিধা হবে,HOF
512,আমাদের এসব মিডিয়াকে ভয় কর করা উচিত এরা সব পয়সার ইনকাম করার ধান্দায় আছে। আর কিচ্ছু না তবে ভদ্র সমাজ এসব বালের ভিডিও ভয় করবে,NOT
513,"MLA মন্ত্রী ছেড়ে দিন, নেতা হবার যোগ্যতাই আপনার নেই। এই কথা শুনে বলতে বাধ্য হচ্ছি",HOF
514,"এই বক্তব্য শোনার পর একে গালাগালি দিলেও, মনে হয় সম্মান জানানো হয়ে যাবে।",HOF
515,এই মেয়েটা কে ধর্মীয় অনুভূতিতে আঘাত দেওয়ার অপরাধে আইনের আওতায় আনা উচিত।,NOT
516,তোর অন্যের জায়গায় খেঁচার অভ্যাস আছে তাই আমার কমেন্টে এসে গাল খেঁচে যাচ্ছিস।,NOT
517,মাছ ঢাকতে শাক আর দোষ ঢাকতে শেষ পর্যন্ত বাবা 😂🤣,NOT
518,শুধু কি তাদের ভোটেই জেতেন।,NOT
519,যতোসব লুচ্চদের নিয়ে এদের কাজবাজ ঔক থু,HOF
520,চা চপ মুড়ি বেগুনি নানা রকম তেলেভাজা ইত্যাদির গল্প তারপর ঘুঁটে কচুরিপানা কাশফুল আরও কত কি শোনা গেল। এবার একবার কল কারাখানা নিয়ে ভাবনা চিন্তার কথা বলুন না। শুনতে ইচ্ছে করে।,NOT
521,"ঢপ ও মিথ্যাচার শুধু পশ্চিমবঙ্গে চলে অন্য রাজ্যে নয়, গোয়ায় 5000 টাকা দিবে বলে ও খাতা খুলতে পারে নাই তৃণমূল, ত্রিপুরার মানুষ মুখে ঝামা ঘষে দিয়েছে, আসামে 00 আসনে জিতে নৈতিক জয় পেয়েছে, আর অন্য রাজ্যের কথা বাদই দিলাম!! এই দল নাকি সর্বভারতীয় তৃণমূল কংগ্রেস!!!!???? এদের আসলেই লজ্জা শরম কিছুই নাই",HOF
522,আপনি যখন এতকিছুই জানেন তা হলে আপনি ব্যাবসা টা শুরু করেন🥲ব্যাবসা ভালো চললে না হয় পরে জনগন যোগ দিবে🙂,NOT
523,যতদিন বাঁচবেন __মানুষের ঘৃনা নিয়ে বাঁচবেন___,HOF
524,"লাগাও সায়নী 😜 একবার হবে না-কি 😜 কনডম নিয়ে কখন যাবো, লাগাতে দেবে তো😜",HOF
525,"এরা এদের মতো করে গোটা সমাজটাকে পচিয়ে দিতে চাইছে।তা হবে না কারণ মানুষ এদের চেনে এরা কারা।অসভ্য,সুবিধাভগী,নির্লজ্জ,দুর্নীতিপরায়ণ,যতো খারাপ কিছু আছে তা এদের বাস্তব জীবনের মধ্যেদিয়ে প্রবাহিত হয় সর্বদা।",HOF
526,এর নামটা একদম ঠিক। মা বাপ ঠিক নাম রেখেছিল। ব্রাত্য হয়েই থাকা উচিত হারামজাদার।,HOF
527,"তিন মাস আম দৈ,আম‌ মিষটি খাও‌ তার পর বাকি নয় মাস আমের আঁটি চুসবে।।",NOT
528,4 টে সিনেমা ছাড়া বঙ্গ সমাজে ইনার কি অবদান? সাধারণ মানুষের সাথে জুড়ে থাকার কোনো ইতিহাদ আছে ইনার? ভারতের সুরক্ষা নিয়ে কথা বলার ধীষ্টতা কোথা থেকে পান এটা নিয়ে তদন্ত হওয়া দরকার ll,HOF
529,এই একটা চ্যানেল যারা নর্দমার থেকেও নোংরা সংবাদ পরিবেশন করে পয়সা কামায়,HOF
530,অশিক্ষিত শিক্ষামন্ত্রী,HOF
531,পশ্চিমবঙ্গ অশিক্ষিত অকৃতকার্য লোকে ভরে গেছে। যে এদের ভোট দেয় আর যারা ভোট পায় এই দুটোই নিশ্চিহ্ন হলে তবেই পৃথিবীর মঙ্গল।,HOF
532,প্রিন্সিপাল বিবাহিত কি? নাহলে তো অসুবিধা দেখি না!,NOT
533,"যাই বলো, এ লোকটার খুব রেলা।
আর মশলা দিয়ে যা খুশি মাখা এটা একেবারে রাবিশ। উনি ইউটিউবে ভাইরাল হবেন এই আশাতেই হয়ত দোকান খুলেছিলেন",HOF
534,"Bsf আছে বলে এত ফুটানি । BSF নয়, সিভিক পুলিশ কে অতিরিক্ত ক্ষমতা দেয়া হোক।।।",NOT
535,"কলেজ পাস করে গেলাম , তিনবছরে একদিন শুধু প্রিন্সিপালের রুমে যেতে পেরেছিলাম। একটা সিগনেচার নেবার জন্য ।যদিও পরে জানলাম উনি আসলে ভার্সিটির ডিন , কিছুদিনের জন্য প্রিন্সিপালের দায়িত্ব সামলাচ্ছেন । প্রিন্সিপাল তো দূর অস্ত , স্যার - ম্যাডামদের সাথে কথা বলতে গেলেই ভয়ে সিঁটিয়ে থাকতাম। বিছানায় এমন বাপগিরি ফলানো প্রিন্সিপাল --- কল্পনার বাইরে।",HOF
536,"কে বলল লাফালাফি নেই,এই দেখুন কতজনে শেয়ার করল,চোখ খুলে দেখুন আর একটার সাথে অন্যটার তুলনা না করাই ভালো,,,",NOT
537,"জানোয়ারেরা চিড়িয়াখানার বাইরে বেরিয়ে এলে যা হয়! মুখে ময়দা আর গোপনাঙ্গে বিশেষ তেল মেরে এসব ঢলা ঢলি!
কলিকাতার বাবু সম্প্রদায়!",HOF
538,মেয়েটা গেছে টাকার লোভে। প্রিন্সিপালদের এরকম অভ্যাস প্রায় কলেজে আছে। সোসাল মিডিয়ার রমরমার জন্য ইনি কেস খেলেন।,HOF
539,আর কতো ভেগ দেখবে জনগণ এবিপি আনন্দের মাধ্যমে😒😒😒,NOT
540,"একটু অপেক্ষা করুন, বাটপারি ছোটাবে জনগন",HOF
541,ঠান্ডার আগেই সার্কাস শুরু হয়ে গেলো,NOT
542,"মদন চদন শোভন, এরাই সমাজটাকে শেষ করল।",HOF
543,চটি চাটতে আগ্রহী নই।,HOF
544,এবিপি আনন্দ রিপাবলিক সিএন নিম্মমানের চ‍্যানেল তৈরি হয়েছে।টাকার জন্য কতো নিচে আর নামবে।,HOF
545,কোল্ড ড্রিংস না দিয়ে একটা বাংলা বোতল দেখান....নেমে আসবে রুগী।,HOF
546,জানলা দিয়ে বৌ পালালো সিনেমার পর এবার জানলা দিয়ে রোগী পালালো সিনেমা হবে 🤣,NOT
547,বাড়িতে গিয়ে জখোন ভোটের জন্য ভিখা চায় তখন লজ্জা করে না চাকরি সুদু দলের দেবে।,NOT
548,বাঙালির এরাই আইকন এখন।,NOT
549,এবারের বক্তব্য রাখার জন্য প্যাকেজ দর কত sorry to say আপনারা তো বরাবরই সুরক্ষিত সাধারণ মানুষের জন্য কি করেছেন ? সাধারণ মানুষ তাই জানতে চাইছে,HOF
550,আমাদের রাজ্যের গর্ব। এমন একজন সত্যবাদী শিক্ষা মন্ত্রী যিনি চোখে চোখ রেখে সত্য কথা বলেন। আমরা সবাই গর্বিত🙏🙏🙏🙏 আগামী দিনে সব রাজ্যের শিক্ষা মন্ত্রীরা আপনাকে ইন্সপিরেশন মনে করবে। আপনার দেখানো পথে হাঁটবে। জয় দুর্নীতির জয়। জয় কোটার চাকরির জয়। জয় মিথ্যা বাদিতার জয়। জয় চটি চাটাদের জয়। 👌👌🤗🤗🤗🤗,HOF
551,এবার মদন দা সুযোগ পেল বলে।,NOT
552,তুমি একজন ছাগলের বাচ্চা।,HOF
553,"জহর রায়, ভানু বন্দ্যোপাধ্যায়, রবি ঘোষ এর যুগ শেষ। কমেডিয়ান হিসেবে উনিই এক নম্বর। কোনও কথা হবেনা বস্।",NOT
554,"সরকার তার মাস সময় নিয়েছে, কোর্টে কেস চলছে,তারপর ধর্ণায় বসতে চাইলে কোর্টের অনুমতি নিয়ে বসলে কোনো পুলিশের কিছু করার ছিল না। আমাদের রাজ্যে যেমন কোনো ধর্না বা মিছিল করার জন্য থানা কোনো অনুমতি দিচ্ছে না, কোর্ট থেকে নিয়েই যা কিছু করতে হচ্ছে।",NOT
555,এখনো সময় আছে ভোট টা ভেবে চিন্তা করে দেবেন,NOT
556,"মদন তো surprise দিতে পছন্দ করেন।। তাই আপনি তখন চিন্তাই করতে পারবেন না, তখন মদন দা CBI, ED র মতন ধপ্পা দেয় , এই এইইই থুরিথুক্কি মদন দা আবার এদের নাম শুনলে উডবার্নের বিছানা খোঁজেন।।🤫👐",NOT
557,যারা এই কথা বলছে তাদের কথা শুনে সংস্কৃত এ এক টা গল্প ছিলো.... চার পন্ডিত এর মূর্খতার কথা... সেই গল্পটা মনে পরে গেলো তারা প্রতিটি কথার ভুল মানে বের করতো।। তোর বয়স অনেক কম হলেও তুই সঠিক কথা বলেছিস 👍👍,NOT
558,এরা সামাজের বা** মাস মাইনে কত জিজ্ঞাসা করেন,HOF
559,"কিছু মনে করবে না সত্যি কথা অনেকেই সহ্য করতে পারে না,চোর দের চোর বা দুর্নীতি গ্রস্থদের তুমি দুর্নীতি বাজ বলে অন্যায় কর নি,এই ধরণের মেরুদন্ড সোজা রেখে কথাবলা মানুষ কে চোর তালাবাজ কাট মানি খাওয়া জীব গুলো ভয় পায়, সে কারনেই তুমি আক্রান্ত।",NOT
560,"প্রকৃত অর্থেই তুমি ""ব্রাত্য""।",NOT
561,"আপাতত বেঙ্গল ডাইরি আসছে। দিল্লি নিয়ে খুব চিন্তা,এদিকে দুর্নীতির বিরুদ্ধে 800 দিন ধর্না দেওয়া চাকুরিপ্রার্থীদের বিষয়টি নিয়ে কেউ সরব নয়।",NOT
562,লোক টার খুব অহংকার। পতনের কারণ হয়ে দাঁড়ালো,HOF
563,আমার মনে হয় মেয়েটির শিক্ষার অভাব । প্রথমত সনাতন ধর্মের এরকম শিক্ষা দেওয়া হয়না । তুই যে ধর্মের বিরুদ্ধে এতো কথা বলেছিস তুই কি একটা কথা জানিস আমাদের বিশ্বে যত ধর্ম আছে আমরা সকল ধর্মকে সম্মান দিয়ে চলি এটাই হলো সনাতন ধর্মের শিক্ষা। আমি গর্বিত যে আমি সনাতন ধর্মে জন্ম গ্রহণ করেছি ।,NOT
564,মদন দা কে চেনেনা শোভন বাবু উনি খুব রঙিন মানুষ,NOT
565,লজ্জা আমাদের লজ্জা এদের কে আমরা নির্বাচন কিরেছি। এদের বোঝা উচিৎ চাকরি টা এদের বাপের সম্পত্তি নয়। ভাবা যায় এটা শিক্ষা মন্ত্রীর মুখের বচন।,HOF
566,এখনও এরা বেঁচে আছে? কোথায় ছিলো এতদিন?,NOT
567,"আসলে বিষয়টা বোঝার বিষয় আছে ।যা বোঝার আছে ,তাও বোঝার আছে ।যা বোঝার নেই ,তাও বোঝার আছে ।বুঝতে পারলেও বোঝার কিছু আছে ,না বুঝতে পারলেও বোঝার কিছু আছে ।যে বোঝে তার বোঝার আছে ,যে বোঝে না,তারও বোঝার আছে ।কিন্তু আমি নিজেই বুঝিনি,তাই আপনাদের বোঝাতে পারলাম না ।🥺🥺🥺🤣",NOT
568,"সব বুঝলাম কিন্তু এই রাজ্য টা কি আপনার পৈতৃক সম্পত্তি? কি এমন যোগ্যতা দেখে আপনাকে শিক্ষা মন্ত্রী করা হলো? অনুরোধ করছি বাঙলার স্বার্থে, বাঙলার ভবিষ্যতের স্বার্থে আপনি দ্রুত পদত্যাগ করুন!",HOF
569,এই ভদ্রমহিলার মাথা খারাপ হয়ে গেছে ভোট পরবর্তী হিংসার সময় কোথায় ছিলেন অসুস্থ ছিলেন নাকি,HOF
570,বোলিহিরি ভিইরে। এই হচ্ছে মন্ত্রী আহা হা,NOT
571,"প্রেরণা তোমার আগের দিনের কথা বা আজকের কথাগুলো খুব মন দিয়ে শুনলাম। তাতে আমার একটা জিনিস বারবার মনে হয়েছে যে, আমরা যারা শিক্ষক , শিক্ষাদান বা শিক্ষকতা পেশার সঙ্গে যুক্ত আছি ,মাঝেমধ্যে খারাপ লাগে আজকে শিক্ষা ব্যবস্থা বা সমাজ ব্যবস্থার ক্রমবর্ধমান অবনতি দেখে । কিন্তু তোমাদের মত প্রতিবাদী কণ্ঠ যখন প্রতিবাদ করে বা এগিয়ে আসে ,তখন নিজেকে এই পেশার সাথে যুক্ত থাকতে পেরে গর্বিত লাগে। আর যারা ব্যতিক্রমী তারা সমালোচনা করবে বা কটু কথা বলবে। তোমার উজ্জ্বল ভবিষ্যৎ কামনা করি।।।",NOT
572,যে এলাকায় উনি জিতে এসেছেন সেই এলাকার জনসাধারণদের একটু বুঝে ভোট দেওয়া দরকার.,NOT
573,যারা নোংরা তারা সারা জীবন নোংরামি করবে। তুমি তোমার মত করে বেড়ে ওঠো তুমি তোমার মত করে চলো তুমি আমাদের সকলের প্রেরণা ❤️❤️,NOT
574,দুজনেই খুব কালারফুল মানুষ। 😄😄😄,NOT
575,"দেশের সম্পদ মাটিতে পড়ে মার খাচ্ছেন, দাদা দিদি বুদ্ধিজীবী, শিক্ষিত সম্প্রদায় সবাই উলঙ্গ হয়ে শুয়ে আছে।",HOF
576,উচ্চ অশিক্ষিত মন্ত্রী,HOF
577,"এতো দিন সাথে ছিলাম কিন্তু এখন দেখছি এদের রাজনৈতিক এজেন্ডা আছে এবং খুব সম্ভব জর্জ সোরোস এর টুলকিট এরা, যারা বুঝতে পারছেন তারা আর পাশে থাকছে না",HOF
578,"বাংলায় একটা প্রবাদ আছে ""বেশি বড় হয়েও না ঝড়ে পড়ে যাবে"" 😜😜",NOT
579,"এতদিন ভোট দিচ্ছি বছরের পর বছর, দিদির মুখ দেখে,,এর পর এই ভাষা আচ্ছা চাকরি দলের ছেলেদের দিন,, আমরাও ভোট টা তাঁদের যারা নেয্য চাকরি দেবে ,, 😭😭",NOT
580,"এটা আবার মন্ত্রী, এর তীব্র প্রতিবাদ করা উচিত।",NOT
581,"বাহ্! কি অকপট স্বীকারোক্তি! খুবই  প্রচ্ছন্ন মানসিকতা। অনেকটা ওপরে উঠে যাওয়ার পর কেউ এভাবে বলেনা "" কোনো ববিষয়েই তো আমার ভালো নম্বর ছিলনা "" ।",NOT
582,ও নিজেরা পতাকা নিয়ে হাঁটবো আর নিজেরাই চাকরি নেব এটা কোন ধরনের রাজনীতি দাদা,NOT
583,"আমাদের প্রিয় নবী হজরত মুহাম্মদ সাঃ বলেছেন আমরা যেনো অন্য ধর্মেকে আঘাত না করি,যার যার ধর্ম সে যেভাবে হোক পালন করুক ওখানে মন্তব্য করা ঠিক না👍",NOT
584,পুজোর মরশুমে এবিপি আনন্দের এইসব নিউজ দেখলে মনটা খুব ভারাক্রান্ত হয় খারাপ হয়ে যায় যত পাপীদের দেখায়।,HOF
585,আমার মনে হয় এই মেয়েটা তার নিজের বক্তব্য বলেনি কেউ ওকে দিয়ে বলিয়েছে এটা প্রশাসনিক নজরে আসলে সব বেরিয়ে আসবে!,NOT
586,এটা মন্ত্রী না অশিক্ষিত কেউ ! এই কথাগুলো কোর্টে গিয়ে বলুন না।,HOF
587,এই বাংলার সংস্কৃতি কে আপনারা আর নিচে নামাবেন না। এরপরে হয়তো একদিন আপনারা মদের ঠেকের লাইব টেলিকাস্ট করছেন।,HOF
588,বাবা মেয়ে পরিচয় দিবেন না ।।।।।তাতে সব বাবা ও মেয়েকে অসম্মান করা হচ্ছে,NOT
589,"অনেক ধন্যবাদ তোমায় তোমার মতামত প্রকাশের ক্ষমতা দেখে, তুমি নতুন প্রজন্মের কাছে সত্যিই প্রেরণা।।।অনেক শুভেচ্ছা ও ভালোবাসা তোমায়।।জীবনে এই ভাবেই সঠিক পথে পরিচালিত হও।।আর সঠিক মতামত প্রকাশের ক্ষমতা রেখো।।",NOT
590,বলি ও দাদা সামনে পিছনে কোথাও না দেখে একটু গান্ধী মূর্তি পাদদেশের দিকে দেখো চাকরি প্রার্থীর আর কতদিন বসে থাকবে চাকরি না পেয়ে।,NOT
591,মদন মানে হলো .আমজনতা .মানে হলো ভোটের সময় যে মানুষগুলো ছাতা মাথ্যায় দিয়া লম্বা লাইন এ দাঁড়িয়ে থাকে কি যেন একটা বোতাম টিপে,NOT
592,"এই মৃত্যু খুবই দুঃখের l ওর আত্মা পরম শান্তিতে থাক l তবে মনে হচ্ছে, ওর মামা যে দলের মন্ত্রী, তাদের অধঃপতন দেখে অবসাদগ্রস্ত হয়ে গিয়েছিলো l",NOT
593,A BP এর কি Trp কমে যাচ্ছে? এই অসভ্য মানুষ গুলো কে নিয়ে খবর করা ছি ছি,HOF
594,সাংবাদিকদের কি এইসব লোকদের পিছনে ঘুড়ে বেড়ানোই কাজ ।,NOT
595,"জনগণের বিচার বুদ্ধি শেষ। যারা একদিন তৃণমূলের নিন্দায় ব্যস্ত থাকতেন, তারাই আজ তৃণমূলের প্রশংসায় ব্যস্ত। আজ তৃণমূলে তো কাল বিজেপিতে, আবার পরের দিন তৃণমূলে। আর আমরা জনগণ নৃত্য করছি।",NOT
596,Tmc পুরো পুকুর চুরি করছে আর বিজেপি পুরো দেশের সম্পদ বিক্রি করে দিচ্ছে ۔,HOF
597,অপর্না সেন তো দু পয়সার ভারাটে জীবী ওদের ধান্দাজীবী বলুন বুদ্ধিজীবী নয় পোষ্য ও বলতে পারেন... যতসব,HOF
598,"এই ঘটনার সাথে কেরালা স্টোরির কি সম্পর্ক ঠিক বুজলাম না। একটা জিনিস বুঝতে পারি না, যখন পি কে মুভিতে সনাতন ধর্মের মজাক উরালেন তখন তো খুব খুশি হয়েছিলেন। আর কেরালা স্টোরিতে জিহাদ দেখানো হয়েছে বলে মির্চি লেগে গেলো।",NOT
599,"এই তো এসেছি আমি, তোমার ....মণি ।.....ভরা ভালোবাসা দিয়ে, ....... এখনি ।",NOT
600,"সব সমস্যার সমাধান পিসির কাছে আছে, জয়তু পিসি!",NOT
601,আমের খোসাটা বেটে চাটনি আর আঠি টা দিয়েও কিছু হতে পারে।,NOT
602,এদের জীবনে এতো রং আসে কোথাথেকে ভাই জানি না।🤭🤭🤔🤔,NOT
603,বুদ্ধু জীবি 😂😂😂 অনেকদিন পর দর্শন পেলাম..... মনে হয় ভাড়ায় খাটার বায়না পেয়েছে কারো থেকে।,HOF
604,"সুন্দরী নার্স গুলো কোথায়,,তারা help করলে এই pagla*** বেঁচে যাবে",HOF
605,দৃঢ় পদে এগিয়ে যাও। অগনিত মানুষের আশির্বাদ তোমার উপর আছে।,NOT
606,চাকরিটা ওর বাপ ওকে দান করার জন্য দিয়ে গেছে!,HOF
607,আপনার এই কথার মত যদি গোটা রাজ্যে হতো তাহলে গোটা রাজ্যের শিক্ষিত যুব সম্প্রদায় যারা তৃণমূল প্রথম থেকেই করে আসছে তাদের বাড়িতে একটু শান্তি নেমে আসতে। কিন্তু তা হয় না স্যার। একটু খেয়াল দেবেন স্যার,NOT
608,"এই ভাবে বলতে নেই sir ,চিরকূট system টাই ঠিক",NOT
609,নাড়ু ফেটে কিছু সাইন্টিস্ট ফুটুরডুম হয়েগেছে...তাই যদি ওখানে কিছু নতুন সাইন্টিস্ট দের চাকরী দেওয়া দরকার...🤣🤣🤣🤣🤣,NOT
610,পশ্চিমবঙ্গের সব বুদ্ধিজীবীরা এই ছোট্ট মেয়ের কাছে নত হয়ে ক্ষমা চাওয়া উচিৎ। এই বয়সে এতো কঠিন বাস্তব কথা সত‍্য কথা কোন বুদ্ধুজীবি আজ পযর্ন্ত কেউ বলতে পারেনি। বুদ্ধুজীবিরা একটু ভাবুন প্রেরণার এই অসামান্য বক্তব্য।,NOT
611,"সবকটা অসভ্য ইতোর ,, জানোয়ার বললে নিরিহ পশু গুলোকে অপমান করা হবে",HOF
612,শোভনের শয্য সঙ্গিনী ❤️💘😝😁,HOF
613,প্রশ্ন হচ্ছে - অভিযোগ এতদিন পরে কেন ? তৎক্ষণাৎ করলেও তো মেডিকেল টেস্টে প্রমান করে শাস্তি দেওয়া যেতো !!,NOT
614,এরা কোথা থেকে আসেরে ভাই। খেয়ে দিয়ে কোনো কাজ নাই। অন্যদের নিয়ে সমালোচনা করে। কি লাভ এই সব বলে। অন্য ধর্মের বিশ্বাসকে আঘাত করে কথা বলা এটাই কি অন্য একটা ধর্ম শেখায়। কতটা খারাপ mentality মানুষ হলে এসব চিন্তাভাবনা মাথার মধ্যে নিয়ে থাকে।,NOT
615,"সাবেক শিক্ষামন্ত্রী জেলে, বর্তমান শিক্ষা মন্ত্রী জেলে যাবে না কেন, কেন, কেন ?",HOF
616,মনে হয়না সঠিক ভাবে পড়াশোনা করেছেন,NOT
617,আমার দেখা সবচেয়ে খারাপ মানুষ,HOF
618,"এ দেশের বুকে আঠারো আসুক নেমে।। আঠারো বছর বয়স কী দুঃসহ স্পর্ধায় নেয় মাথা তোলবার ঝুঁকি, আঠারো বছর বয়সেই অহরহ বিরাট দুঃসাহসেরা দেয় যে উঁকি।",NOT
619,"আম দিয়ে,দই দিয়ে,বাংলা মাল দিয়ে রান্না করলে দারুন হবে, তোমরা খেয়ে দেখো।",NOT
620,কারণ ওরা রাজনীতি করছে। ওরা কংগ্রেসের কোথায় এসব করছে। দেশের সকল খেলোয়াড় না হলে রাস্তায় নেমে পড়তো।,HOF
621,ABP Ananda এর জন্য করুনা হচ্ছে যে তারা আর কোনো খবর পাচ্ছে না। এই চ্যানেল আবার ঘন্টার পর ঘন্টা লেবু চিপতে চিপতে তেতো বানিয়ে ফেলে।,NOT
622,এ মেয়ে তো মানুষের ধর্ম নিয়ে কথা বলে মানুষের মধ্যে বিবাদ সৃষ্টি করছে।😡😡 এর আইনত শান্তি দেওয়া উচিত।,HOF
623,"উনি সোনাগাছির মাসী দের উপরে, যাদবপুর গিয়ে আপনি সায়নীর বাড়ির কথা জিজ্ঞাসা করলে লোকে বলবে, কত নিয়ে এসেছেন, কতক্ষন থাকবেন,",HOF
624,ভোটের সময় কথা গুলো মাথায় রাখবেন স্যার,NOT
625,"আমি আমার গ্রামে ৯৮সালে এখানে তৃণমূলের জন্ম দিয়েছি , একটানা ২০১২সাল পর্যন্ত নেতৃত্ব দিয়েছি ,সপরিবারে কেস খেয়েছি পুলিশের তাড়া খেয়ে অনেক অত্যাচার সহ্য করেছি কিন্তু ১ কেজি মাছের পোনাও পায়নি ,চাকরি তো অনেক দূর । এই হচ্ছে তৃণমূল ।",NOT
626,"এটা একটা বড় তোলাবাজ। চাকরী তোর বাবার নাকি, যে যাকে ইচ্ছে দিবি !",HOF
627,"পড়াশোনা বন্ধ করে এখন সকলের দেওয়াল লিখন অনুশীলন করা দরকার। আর এই রাজ্যে মাননীয় মন্ত্রী,বিধায়ক,সাংসদ ও অন্যান্য পদাধিকারীদের মোট কত কোটা আছে তা রাজ্যবাসীর জানা দরকার।আর কোটা কি সব দলের পদাধিকারীদের আছে সেটাও জানতে পারলে রাজ্যবাসী উপকৃত হত।",NOT
628,তা সবই তো বুঝলাম ম্যাডাম তো বাবা এই মুহূর্তে সার্ভিস কেমন দিচ্ছে 😢 sorry,NOT
629,"চাকরি চোর , DA আন্দোলনকারীদের পাশে তোদের বাংলা পক্ষকে দেখতে পাই না কেন?",HOF
630,হাত জোর করে বলছি বুদ্ধিবীচিগুলোকে দয়া করে মুখ বন্ধ করুন। খুব গন্ধ বেরোচ্ছে,HOF
631,শুধু শুধু বিজ্ঞাপন দিয়ে লাভ আছে? আগে থেকে সিলেক্ট করা এ বাবু সে বাবুর লোক ই তো নেবেন,NOT
632,বাংলা শুধু এক জন মেয়েকেই চায় ??,NOT
633,রানু মন্ডল ম্যাক্স প্রো😁,HOF
634,একজন রেজিস্টার মাতাল ও আর বান্ধবী নিয়ে ঘুরে বেড়ায় নির্লজ্জের মত ।,HOF
635,"মদনা লেগে গেছে বৈশাখি কে লাইন মারতে ,ছিপ ফেলে বসে আছে যদি বৈশাখী কে তোলা যায !!",NOT
636,প্রিন্সিপাল চিনির ব্যাবসা করে মনে হয়। সুগার ড্যাডি😂🤣,NOT
637,বর্ডারে আমি থাকি আমি সুBইধ পাব কি না তা আপনি কলকাতায় বসে কি বোঝেন? অভিনয় আমাদের পেশা নয় বাস্তবে দাঁড়িয়ে পেটের জন্য লড়াই করতে হয়। নিজেকে আমাদের হিতাকাঙ্খী না হলেই আমরা বাঁচব। বিপরীতে চললে আমরা মারা যাব।,NOT
638,যারা বছরের পর বছর যোগ্য বঞ্চিত তাদের কি হবে মূর্খ।,NOT
639,আজ জানলাম বাবা মেয়ের মধ্যে এই রকম ঢলাঢলি করে ছবি তুলে,HOF
640,"শোভন বুকিং জিনিস ,, যেন হুকিং না করে নেয় ।। মদনা কে বিশ্বাস নেই ।।",NOT
641,রতনে রতন চেনে।এবপি আর এক রতন।,NOT
642,স্যার আপনার কথা শুনে আজ মনে হচ্ছে জীবনে কত বড় একটা সুযোজ হাত ছাড়া করে ফেলেছি স্যার আমার হাতের লেখা ভালো না আমি প্রিন্ট করে প্রতিটি পোস্টারে লগিয়ে দেবো দেখবেন স্যার একটু,NOT
643,জুতো আছে কারোর কাছে। কয়েকটা দিলে চাটা বন্ধ হয়ে যাবে।,HOF
644,"সেই আমদই কাশফুলের বালিশে হেলান দিয়ে কচুরিপানার ডিশে, হোগলা পাতার চামচে তুলে বসন্ত পঞ্চমীর দিন খেতে খেতে পরকীয়া করতে হবে।",NOT
645,তোমার বক্তব্যে কোন ভুল নেই প্রেরণা। সুতরাং উতলা হওয়ার প্রয়োজন নেই।,NOT
646,কাকা একটু জল মাখা হবে????,NOT
647,"এইযে গাধা মন্ত্রী চাকরিটা তোমার বাবার প্রপার্টি নাই,,, এ রাজ্যে শিক্ষিত ছেলে মেয়েদের ভবিষ্যৎ যে যার যোগ্যতায় চাকরিটা পাবে তোমার কাজ থাকে অনুসরণ করার যে কার যোগ্যতা আছে চাকরিটা পাওয়ার",HOF
648,এই জন্যই শিক্ষামন্ত্রীটা অন্তত শিক্ষিত হওয়া প্রয়োজন,NOT
649,"মা-বাবা ঠিকই বুঝে নাম দিয়েছিলেন ৷ জানতেন শিক্ষিত ( চটি-চাটা কে) সাৱা বঙ্গবাসী একে, একদিন """" ব্রাত্য """" করবেই করবে ৷ সেদিন বেশী দুরে নয় ৷",HOF
650,অসাধারণ কথা প্রত্যেক টা কথা কি সুন্দর বিশ্লেষণ ও জীবনে অনেক উন্নতি করবে একটা মানুষের ব্যবহার কথা বলে দেয় তার পারিবারিক পরিচয় আলাদা করে বোঝাতে হয় আর এটা বোঝা মূর্খদের কাজ না,NOT
651,নিজের রাজ্য টা এখনো সোনার বাংলা হয় নি দাদা। আগে দুর্নীতি ঠিক করুন।,NOT
652,যার উপর দোষারোপ সেই ব্যাক্তি ব্যাক্তি যখন বলছে নারকো টেস্ট করাতে তাহলে karache না কেনো তাহলে কোনো রাজনীতির সার্থে ওরা বসে আছে নাকি আবার।,NOT
653,"সমাজ যদি এগুলো কে গ্রহণ করে, এবিপি র কি দোষ!! সমাজ এর এরকম অনেক পাপ ই ভোট এ দাড়ালে, জিতে আসবে। মানুষ ই তো ভোট দেয়! না হলে, এদের পাশে ই তো অনেক ইয়াং মহিলা বিগলিত হাসি মুখে ছবি তোলে। নিশ্চই এই চরিত্র গুলো ই পছন্দ!! তাহলে দোষ টা সত্যি কার!!",NOT
654,"আপনারা বুঝার চেষ্টা করুন abp আনন্দ কেনো এগুলো করছে ,কারণ সুমন দা বুঝতে পেরেছে মদন,শোভনের হোয়েছে বুড়ো বয়সে ভীমরতি ,আর মাত্র কয়েক দিন পরে ওদের আইফেল টাওয়ার ডাউন হোয়ে যাবে,আর সেই কটা দিন আসে পাসে থাকতে পারলেই সব জকের ধণ সুমনের কদিন পরে তো অবসর নিতে হবে তখন কি নিয়ে থাকবে সুমন আপনারাই বলুন",NOT
655,আগে জানতাম শক্তিগর ল‍্যাংচার জন‍্য বিখ‍্যাত। বর্তমানে আসামীদের মিটিংকরার জন‍্য শক্তিগর বিখ‍্যাত।,NOT
656,"কোথায় গেলো ওই বিশ্ব ক্ষতি কারক ইউটিউবার গুলো, একটা গরীব মানুষের সাথে নোংরা খেলা করতে নিজেদের TRP বাড়ানোর লোভে, এই লোককে দোষ দেওয়া মানে বোকামি হবে ইনি আবেগে আহালাদ হয়ে পড়েছিল তারই সুযোগ নিয়েছে এই বিশ্বখাত নামা প্যানে হাগা ইউটিউবার গুলো",HOF
657,সত্যি বাংলার চোর গুলো কতো কতো সুখী।,HOF
658,"সর্বত্রই ""ব্রাত্য"".",NOT
659,গনতান্ত্রীক দেশে সরকারি চাকরি কার বাবার সম্পত্তি আয়। তোমার জন্য যে বা যারা দিনের পর দিন খেটেছেন তাদেরকে আপনার ব্যাক্তিগত সম্পত্তি হতে সমৃদ্ধ করা উচিত,NOT
660,আপনি কি করে চাকরি পেয়েছিলেন?,NOT
661,"খুব কালার ফুল সব খুলে দেয় , হিজরা শুনে খুশি হতো , এখন সাংবাদিক কোন খবর নেই ,",NOT
662,সারাদিন খাটা খাটনির পর ঠাকুমার ঝুলি শুনতে কার না ভাল লাগে!,NOT
663,হ্যা নেই। খানসেনার বীর্যপুত্র।,HOF
664,শোভন দার আবার কপাল যেন না পুড়ে,NOT
665,কেন্দ্র রাজ্য সব মন্ত্রীদেরই নিজস্ব কিছু চাকুরী কোটা থাকে। যেটা তারা বন্টন করে। কথাটা বাস্তব বলেছেন ব্রাত্য বসু।,NOT
666,এই সকল অযোগ্য লোকদের জন্য পশ্চিমবঙ্গের শিক্ষা ব্যবস্থাটা ধ্বংসের মুখে। শিশুদের ভবিষ্যৎ ঘোর অন্ধকারে।,HOF
667,বরাহনন্দন বলার কি খুবই দরকার?,NOT
668,নিজের মাখা খেয়ে নিজেই অসুস্থ হয়ে পড়েছে,NOT
669,"হে ব্রাত্য বাবু,আপনার যেমন চাকরি চুরি করার রাইট আছে,তেমনি আমারও কী আপনার ঘরে গিয়ে গলায় ছুরি ধরে সবকিছু লুটপাট করে আনার রাইটস আছে?কথাবার্তা একটু মেপে বলবেন? আপনার শিক্ষামন্ত্রী হবার যোগ্যতাই নেই!",HOF
670,এদের কারণে রাজ্যের অবস্থা খারাপ সমাজের কীট এরা।,HOF
671,বোকাছোদা বলে বলে তোদের মুখে আর কিছু আটকায় না।,NOT
672,মন্ত্রীদের কোটা চাকরি বাতিল করা উচিত,NOT
673,আজ কাকা নিজেই মাখা হয়ে গেছেন।,NOT
674,কেন্দ্র সরকার যা করছে ঠিক করছে ভারতের ভালোর জন্য করছে আপনার যদি তাতে অসুবিধা হয় তাহলে অন্য দেশে চলে যান আর যদি দেশ কে ভালোবাসেন তাহলে চুপ করে থাকুন দেশ তাকে পাকিস্তান বানানোর চেষ্টা করবেন না,HOF
675,"..রান্না ঘর..হয়.., ওখানে দিদি গেলেই নিশ্চিত প্রথম পুরস্কার পাবেন .।",NOT
676,"বাবার মেয়ের ছবির এক্সপ্রেশনটা হচ্ছে অসাধারণ ও লাভলী। লায়লা মজনু মনে হচ্ছে, আরে মেয়েটা বিশাল টাট্টু সেয়ানা। কথাবার্তা বিশাল চটর পটর টাট্টু কথাবার্তা দেখো 😡",HOF
677,"তাহলে পড়াশোনা না করলেও হবে ,তিনুর খাতায় নাম লেখালেই হবে",NOT
678,খবর করার আর কি কোনো খবর নেই এই বাংলায় !,NOT
679,"ব্রিজভুষন শরন সিং কে সরানোর ক্ষমতা ভারত সরকারের নাই। ওটা করতে পারে ইন্ডিয়ান অলিম্পিক কমিটি। ধর্নাটা ওখানেই করা উচিত। আর পুলিশ গ্রেফতার করে উপযুক্ত প্রমান পেলে, তার আগে নয়।",NOT
680,আসলে এদের পাশে দাঁড়িয়ে তো নিজেদের খুব গর্বিত ও ইসলামের হাতে বিপন্ন হিন্দু প্রমান করা যাবে না।,HOF
681,"অ্যাথলিট রা যখন প্রধানমন্ত্রীর কবর খোঁড়ার কথা বলে, মনুবাদ থেকে আজাদীর কথা বলে, WTF কে ডিসলভড করার কথা বলে আর ন্যাশানাল গেমস এ না খেলে ডিরেক্ট এশিয়ান গেমস এর ট্রায়ালে যাওয়ার কথা বলে তাদের সাথে এর থেকেও খারাপ কিছু হওয়া উচিৎ। ক্ষমতা থাকলে কোর্টে যাক ধর্না কেন??",HOF
682,"মুখে যা আসে তাই বলে, আদৌ হবে কি বা কিরকম স্বাদ হবে, সে বিষয়ে ন্যূনতম জ্ঞান নেই।",NOT
683,শিক্ষামন্ত্রীর মুখে অশিক্ষিতের মতো কথা মানায় না।,NOT
684,জানি না কি হলো তবে দিদিমণি কোনো চাপের শিকার। কিছু যদি hoye থাকে তবে দিদিমনির উচিত সরাসরি নাম করে দেওয়া।তাতে ওনার সম্মান ও ইজ্জত দুটি বাঁচবে।,NOT
685,"তোমাদের হয়ে যারা কাজ করেন তাদের কাছে গিয়ে ভোট চাইবেন, তাহলে আমাদের কাছে এসে বলেন কেনো ভোট টা আমাদেরকেই দেবেন, আপনার দলের ছেলে দের ভোট টা নিয়ে ই লাফান না, আমাদের কাছে আসেন কেনো বা... আসবেন না",NOT
686,"কাঁঠালের ,আমসত্ত্ব করলে আরো ভালো হবে।😄",NOT
687,"আম বেগুন দিয়ে কাঁচা গোল্লা বানাবেন কবে,,, দিদিদিদি ও দিদি। আর কচু দিয়ে দই,,, পুরো বাংলা পায়খানা করে মরবে,, হাহাহা",NOT
688,"এটাই বাস্তব, নাটক নয়। উনি আর নাটকে উৎসাহী নন।",HOF
689,অশিক্ষিত শিক্ষা মন্ত্রী।।,HOF
690,ওই কথাটি ভোটের সময় বলতে পারতেন দাদা ভোটের সময় বিড়ালের মতো মেউ মেউ করেন কেন।,HOF
691,এই হলো আমাদের শিক্ষামন্ত্রী আমাদের গর্বিত বোধ করি,NOT
692,"আমি একজন মুসলিম হিসেবে যতটুকু জানি, মেয়েটি ধর্ম নিয়ে অতিরিক্ত বাড়াবাড়ি করে ফেলেছে এবং ধর্মীয় উস্কানি দিয়েছে। তাই তাকে দ্রুত আইনের আওতায় আনাটা জরুরি হয়ে পড়েছি।",HOF
693,শোভন দার মুখ টা খুব ফ্যাকাসে লাগছে 🤣🤣🤣🤣,NOT
694,এদের লজ্জা নেই এরা লুটপাট করেমসবনশেষন,NOT
695,যে পোস্ট করেছে তার জন্মের ঠিক নেই এখানে কেলেরা স্টোরির সম্পর্ক কি মেডেল জিলতে কি হয় আইনের প্রতি সবাই সমান,HOF
696,আমরা কাদের কে রাজ্য রক্ষার দায়িত্বে বসিয়ে দিয়েছি?হাই ভগবান!এদের ই তো পেটে কালির দাগ নেই।,NOT
697,এই রকম শিক্ষা মন্ত্রী প্রতিটা রাজে থাকা উচিৎ 😂😂,NOT
698,গরিব ছেলেদের মেয়েদের দেন।যার দরকার তাকেদিন।তেলো।মাথায় তেল।দিচ্ছেন,NOT
699,এই প্রেরণার কথা শুনে মনে হল যে এই সুশিক্ষিত মেয়ের মত তৃণমূলে নেতানত্রী একটাও খুঁজে পাওয়া দুস্কর। ঐ জন‍্যই ওরা ভয় পাচ্ছে যে একটা উচ্ছমাধ‍্যমিকের ছাত্রীর মধ‍্যে এত সঠিক উপলদ্ধি থাকে তাহলে পুরো এই শিক্ষ‍্যা জগৎ এ প্রশোমিত হয় তাহলে শাসকের ভয়ের কারণ হতে পারে।,NOT
700,The kerala story কে টার্গেট করছেন কেনো?? এতো ফাটছে বুঝি??,NOT
701,"আম দই ,আম মিষ্টি আর দিদির জন্যই গোটা রাজ্যে জুড়ে আজ অনা সৃষ্টি ।",NOT
702,"ছেলেটাকে এবং মেয়েটাকে দুজনকেই হসপিটালে নিয়ে যাওয়া হোক দুজনের চেকাপ করা হোক সব বের হয়ে যাবে তাহলে যাবেনা, এইখানেই জিনিসটা থেমে যাবে দু-একদিন ভাইরাল হয়ে বাস",HOF
703,আমড়া ভোট তোকে বাল দেবো,HOF
704,20000 টাকা নিবি আর ভিডিও করতে দিবি । এটা তোর আসল উদ্দেশ্য,NOT
705,আপনি উচ্চশিক্ষিতা বাঙালি মহিলা আনন্দ উৎসব নিশ্চিত করবেন কিন্তু রাজনীতির জগতে অভিভাবক হওয়া সে ক্ষেত্রে অনেক বাধা থাকে বাধা থাকে মানে সকলের কাছে গ্রহণযোগ্য হয়ে উঠতে হয় যেটা এখানে তিনজন যারা আছেন তারা কেউই নয়। ভবিষ্যৎ প্রজন্ম আপনাদের কাছ থেকে কি শিখবে?,NOT
706,যারা দেশের বাইরে গিয়ে ভারতবর্ষের সন্মান উজ্জল করছে। তাদের দেশের মধ‍্য অসন্মান করা হচ্ছে এটাই নুতন ভারত। ডিজিটাল ইন্ডিয়া।👍👍👍,NOT
707,"আরে সব ঠিক আছে, বিজেপি রেপ করলে মুসলমানদের আরো টাইট দেওয়া হয়। বিজেপি রেপ করলে হিন্দু ধর্মের মুখ উজ্জ্বল হয়। বিজেপি রেপ করলে 'সবকা সাথ, সবকা বিকাশ' হয়।",HOF
708,D P নয় প্রধানমন্ত্রী বদলান। বুঝলাম। কিন্তু মোদির বিরুদ্ধে দাঁড়ানোর মতো আসমুদ্র হিমাচলে একটা মুখ দেখানো তো। কর্নাটকে মানুষ জনকে বিভিন্ন লোভ দেখিয়ে ভোট কিনেছে কংগ্রেস। সে সব মেটাতে হবে। ইতিমধ্যেই ঝামেলা লেগে গেছে। বাস্তবটা বুঝতে হবে। বিরোধী দলের সবাই প্রধান মন্ত্রী হবে। তাই চব্বিশে আবার মোদী নিশ্চিত।,NOT
709,এই মহিলার নিশ্চই কোনো বদ মতলব আছে,NOT
710,"নিয়োগে কারোর আপত্তি নেই। কিন্তু যে যোগ্য তাকে দিন। আপনার দলের লোককেই দিন, কিন্তু যে যেই চাকরির যোগ্য তাকে সেই চাকরি দিন। তাহলে হয়তো আর কোনো কথা উঠবে না",NOT
711,অপদার্থ মন্ত্রী।,HOF
712,পিসির চপ হলে ভালো হতো,HOF
713,"লোকটার বেশ কিছু ভিডিও দেখে যেটা বুঝতে পেরেছি তা হলো, লোকটা খেপচুরিয়াস টাইপের। অর্থাৎ, একটুতেই মেজাজ হারিয়ে ফেলে।",HOF
714,পিন্সিপাল কাকু কাম সারি দিচ্চে শুধু এখন শুধু ফাম দেওয়া বাকি।,HOF
715,"কোন কুস্তিগির ি তার নিজের যোগ্যতার জায়গা ছেড়ে যদি রাজনীতির জায়গায় চলে আসে তাহলে তাকে কখনো সমর্থন করা যায় না। উনি যে অভিযোগটা করছেন ভালো করে জানুন কবেকার অভিযোগ কার বিরুদ্ধে অভিযোগ এবং তার সঙ্গে সম্পর্কটা সেই সময় কেমন ছিল উনার তো কেস কোটে চলছে, তাহলে উনি নতুন সংসদ ভবনের সামনে কেন প্রদর্শন করতে যাচ্ছিল তাহলে কি ওনার কোটের ওপর ভরসা নেই কিছুদিন পর জানতে পারবেন ঠিকই যে উনি কোন দলের সঙ্গে যোগ দিয়েছেন নয় রাজনীতির সঙ্গে জড়িয়েছেন বর্তমান দিনের পরিস্থিতি যা তাতে করে অসম্ভব বলে কিছু নাই সবই সম্ভব।",NOT
716,"প্রকৃত TMC র নেতার মতোই কথা বলেছেন, রাজ্যের মন্ত্রীর মত নয়।",NOT
717,এবিপি আনন্দকে অনুরোধ করবো তোমরা এবার শোভন বৈশাখীর পর্ণ ছবি যদি একটু দেখাও তার আশায় বসে রইলাম,HOF
718,"শোভন বাবুর আর থাকলো না বোধ হয় ,,,,মদন বাবুর হয়ে যাবে মনে হয়,,,,,🙃🙃",NOT
719,"চপ আমাদের শিল্প, চাকরি আমাদের গল্প।",NOT
720,"রাজ্যবাসী চপ, ঘুগনী, আমদই, কাশফুলের বালিশ বেচবে আর ওনার পোষ্যরা জমি, বালি, গরু, কয়লা , এমনকি শিক্ষিত বেকারদের চাকরিটাও বেচবে। আমরা গর্বিত এমন দূরদর্শী মুখ্যমন্ত্রীকে পেয়ে।",NOT
721,"এই রকম রোগীদের যেখানে রাখা হয়, সেই হাসপাতালের জানালায় কোনো গ্ৰিল নেই কেনো ???? এই রকম খোলা জানালা ????",NOT
722,বৈশাখী বেহায়া। বেহায়া শোভন।,HOF
723,লজ্জা সরম নাই নির্লজ্জ মানুষ। প্রান খোলার সাথে অন্য কিছুও খুলে ফেলে।,HOF
724,এবিপি আনন্দ এগুলো নিয়ে ঘাটাঘাটি করা সংবাদ মাধ্যমের কালচার হয়ে দাঁড়িয়েছে সুস্থ প্রোগ্রাম বহন করার চেষ্টায় থাকুন কত টাকা খেয়েছেন মদনের কাছ থেকে আর শোভনের কাছ থেকে এবিপি আনন্দকে ধিক্কার এবিপি আনন্দ অনেকদিন আগে সম্প্রচার দেখা কমিয়ে দিয়েছি। বন্ধ করার কথা সিদ্ধান্ত নিচ্ছি আসলে সুমন বাবু একটা কিরে খুব ভদ্রলোক বলে পরিচয় দেয় আসলে ওনার এই কালচার পশ্চিমবঙ্গ বাংলায় বেশি বিক্রি হবে ওনার অনেক ছোট উনি তাই দেখেন আসলে অনেক এখনো সাংস্কৃতিবান লোক আছে যারা সুস্থ সমাজ পরিচালনা করছেন যেটা উনি দেখতে পাননি এবং অন্ধকার হয়ে বসে আছে।,NOT
725,"আর কিছু বলার নেই লজ্জা বাংলার সবার,ঝেড়ে ফেলে যত সত্বর সম্ভব",NOT
726,উফ্ফ এই ছাগল টা সরি রামছাগল টা কে আর সহ্য হয় না অশিক্ষিত একটা এ আবার শিক্ষা মন্ত্রী,HOF
727,"বিয়ের আগে বিধবা হয়েছে, এই প্রথম বার দেখলাম",HOF
728,"তোমার বক্তব্য খুব স্পষ্ট ও সুন্দর । কথাগুলো সত্য ও বাস্তব তো , তাই যাদের আঁতে ঘা লাগার তারা তো চিরবিড় করবেই। তোমার এতে বিচলিত হওয়ার কিছুই নেই।আর আমার বিশ্বাস তুমি তা হবেও না। তোমার সুন্দর ভবিষ্যৎ কামনা করি।",NOT
729,এ আবার শিক্ষা মন্ত্রী।😂😂😂😂,NOT
730,"উনি সুস্থ মস্তিস্ক নন দেখেই বোঝা যাচ্ছে,খুব মর্মান্তিক দৃশ্য, শেষ রক্ষা হলোনা, মৃত্যু ডাকলে ঠেকাবে কে.আর একটু প্রশাসন তৎপর হলে,রক্ষা পেলেও পেতে পারতো",NOT
731,এমন মানুষ গুলোর মুখ দেখলাম সকালে নিজের মুখে চর মারলাম,NOT
732,"জন্মের পর থেকেই তোলামূল দলে যোগ দাও, যোগ্যতা শুধু "" দেওয়াল লিখন"" জানলেই হবে।",HOF
733,দেয়াল লিখে - মিছিলে গেলেই চাকরি পাবেন ।,NOT
734,বরাহনন্দন তোর এত মাথা ব্যথা কেন?,HOF
735,ইয়ে মাথায় ওঠেনি।,HOF
736,এইভাবে তৃণমূল দুর্নীতি করে।,HOF
737,"চাকীর প্রার্থীরা যখুন ধর্মতলার গান্ধী পদদেশে বেসেছিল, তখুন য়ে পিঙ্কি, পাপু, কেজরি,কেউ য়েসে ছিলো কি, তখুন কোথায় মারাগেয়েছিলি???????????আরে হাঁ কটা, তুই ও কোথায় ছিলি, এখুন কুস্তি মারছিস, ওদের কি আছে, ওরা কংগ্রেস আপ থিকে টিকিট পিয়েযাবে.....",HOF
738,ওহ লাভলি রেজিস্টার মাতাল সবকটাই চোর এবিপি আনন্দ কে খুব ধন্যবাদ শারদীয়ার শুভেচ্ছা। এইসব চোরদের সব কিছু তুলে ধরার জন্য🙏🙏🙏,HOF
739,অশিক্ষিতের মতো কথা বলছেন।,HOF
740,"আপনার লজ্জা হয় না? আপনার constitution এর যে ছাত্র ছাত্রীরা দিন রাত পড়াশুনা করেও চাকরি পেলেন না, আপনি তো তাদেরও মন্ত্রী। তারা আপনার হয়ে দেয়াল না লিখে পড়াশুনা করে গেলো, তাদের মারাত্মক অপরাধটা একটু সেই ছাত্র ছাত্রীদের বুঝিয়ে বলতে পারবেন তো ব্রাত্য বসু???",HOF
741,যখন এসব খবর শুনি তখন খুব খারাপ লাগে পশ্চিমবাংলা কোথায় চলে গেছে কি হবে খুব দুঃখ লাগে মানুষ রাজনীতি করে কত নিচে নামতে পারে চোখেও দেখলাম বিশ্বাস করলাম।,NOT
742,"কিছু ইউটিউবের টাকা কামানোর জন্য মানুষের জীবনকে বিপদের মধ্যে ফেলছে, এই সব সাধারণ মানুষকে ভাতে মেরে কি হয় ভাই তোদের😡",NOT
743,"লেখার ক্যাপশন দেখে বোঝা যাচ্ছে,নিতান্তই তোষণকারী হিন্দু বিরোধী মনোভাব।",HOF
744,"এই শিল্প মেলার চক্করে আমি "" পিসি চপস "" দেখলাম !",HOF
745,এরাই ধর্ম ধর্ম নিয়ে লড়াই করার লোক এই মেয়েটার বড় একটা শাস্তি হওয়া দরকার 😡😡😡,HOF
746,এ তো দেখছি মদন শোভন গোপন,NOT
747,এমন প্রতিভা সারা দেশে একমাত্র এই মহিলার পক্ষ্যেই সম্ভব। এর জন্য দায়ী আমাদের রাজ্যের বহু শঙ্খক মানুষ। তারা যেমন বীজ রোপন করেছে ফসলতো তেমনই হবে।,NOT
748,এই বৈশাখী কলেজে পড়ান। student দের কাছে কি বার্তা বহন করছেন উনি।শোভন চট্টোপাধ্যায়ের ও বৈশাখী বন্দ্যোপাধ্যায়ের মধ্যে সম্পর্কের রসায়ন বুঝলামনা।,NOT
749,WB উন্নতি হয়ে গেছে। এখানে শিক্ষার দাম নেই । ধিক্কার এসব লোকজন কে.,NOT
750,এরা সবাই Congress party join করবে তাই সবাই মিলে আন্দোলন করছে মোদীজী র বিরুদ্ধে এত দিন কর মনে পড়ল তখন ঘটনা ঘটে ছিল তখন কেন আন্দোলন শুরু হলো না,NOT
751,"ভাই নেতাদের আবার কোটা কোনটা, কোথায় লেখা আছে একটু দেখবি।",NOT
752,পড়াশোনা সব বন্ধ করে দিয়েছে শুধু দেয়াল দেখতে হবে তাহলেই চাকরি হয়ে যাবে।,NOT
753,এদের নাটক দেখতে চাই না। গ্রামের পুজো গুলো দেখান।,NOT
754,বোকাদাচো ফুদ্দু মন্ত্রী।,HOF
755,এই সমস্ত রাসকেল দের নিযে মানুষ কে এন্টারটেইন করে!! ছি!ছিঃ। সুমনের স্ট্যান্ডারড এখন এত লো হয়ে গেছে,NOT
756,"বাংলায় একটা প্রবাদ আছে ""বেশি বড় হয়েও না ঝড়ে পড়ে যাবে"" সত্যিই তাই ❤️",HOF
757,নাম রাখুক পুন্ডরীকাক্ষ্য পুরকায়স্থ।,NOT
758,আমাদের দোষ এই সব আযোগ‍্য লোকেদের নির্বাচন করে মন্ত্রী পদে বসিয়েছি।যাদের ফুটপাতে হকারি করারও যোগ‍্যতা নেই।,HOF
759,অশিক্ষিত,NOT
760,ঈদ আগামীকাল মঙ্গলবার। আজ 30টি রোজা পূর্ণ হচ্ছে।,NOT
761,"এই মহিলাদের কাঁটাতারের ওপারে পাঠানোর ব্যবস্থা করা উচিত। Dear #AparnaSen যখন ভোটের পর হিংসা হচ্ছিল, ধর্ষণ হলো, air স্ট্রাইক এর ভিডিও চাইলো। প্রতিদিন পুলিশ হাত পেতে ঘুষ নেয়। চারিদিকে একবারে নোংরা আবর্জনায় ভর্তি তখন কথায় ছিলেন। আপনার কথা গুলো সিনেমা তে ভালো চলবে, এসি ঘরে ইন্টারভিউ হলে চলবে।। 😂😭😭😭",HOF
762,এই মহামূল্য মন্তব্য গুলি এখানে না বলে কাজে করে দেখান। দেখিয়ে দিন ওদেরকে যারা আমাদের জন্য ওরা এই গদিতে বসেছে। আমরা চাইলে ওদেরকে ছুড়ে ফেলে দিতে পারি ওই আসন থেকে। এই দুর্নীতিবাজ সরকারকে উৎখাত করুন। নিজেদের সন্তানদের ভবিষ্যতকে সুন্দর করুন এবং নিজেরা সুস্থ থাকুন।,NOT
763,এই সাংবাদিক এর উপর ইসলাম অবমাননার মামলা করা উচিত,NOT
764,"বুড়ি, বুরিদের এসব দেখা মানে সময় নষ্ট করা",NOT
765,মাখা কাকার বাজার ফাঁকা,NOT
766,এদের কথা আর sunte ভালো লাগে না. দিদি মনে হয়. Increment করলো. তাই আবার গর্ত থেকে বেরিয়েছে,HOF
767,শুধু মাত্র মিয়া খলিফার এই আন্দোলনে যোগ দেওয়া বাকি রয়েছে,HOF
768,তোমাদের মত মেয়েরা জামা কাপড়ের মত হাসবেন্ড বদল করছো এখন কি মদনকে বিয়ে করার জন্য পরে কল্পনা করছো বৈশাখী,HOF
769,নতুন ডায়লগের ফিল্মের গুঞ্জন চলিতেছে সুপার ডুপার হিট হবে 🤪🤪🤪🤪🤪,NOT
770,"পুরোটা শুনলাম, আপনাকে খুব সস্তা একটা মানুষ ভাবতাম,  ভুল ভাঙলো, তবে রবীন্দ্রনাথকে নিয়ে যা বলেছেন সেটা নিতে পারছিনা 🙏🙏",NOT
771,আজিই আমি গলায় দড়ি দেবো সামনে আর কোনো পথ খোলা নেই,NOT
772,প্রচুর পয়সা করে ফেলেছে। এবার ফুর্তি করে উড়ে বেড়াবে। তবে শীঘ্রই কাননের কপাল পুড়বে। যেটাকে ঘরে ঢোকালো!,HOF
773,একদমই সঠিক কাজ করেছেন এলাকাবাসী। এভাবেই এলাকার মানুষ সবকিছুর উর্ধে উঠে.. নিজেদের ভালো ও মন্দের দায়িত্ব কাঁধে তুলে নেবেন..তখন সত্যিই এলাকায় অনেক কিছু ভালো হবেই হবে।।।।।।।,NOT
774,"এই মেয়েকে কঠিন শাস্তি দেওয়া হোক,,,হে হিন্দু রাষ্ট্র তে থেকে,,, কি ভাবে এই সব কথা বলার সাহস পায়,,,,,কঠিন শাস্তি চাই,, 🤬",HOF
775,এই শিক্ষাটা উনি বাম আমল থেকেই পেয়েছেন। পার্টি করলেই চাকরি পাবে।,NOT
776,"বোন, খুব সহজ সরল মনের । তবে এই কথাটা বলার জন্য বোনের ওপর ঝড় ঝাপটা আসতে পারে । এইভাবে ই এগিয়ে চলো বোন ।কখনো নিজের গতি পথ হারিয়ে ফেলো না। অনেক অনেক শুভেচ্ছা ও অভিনন্দন ।",NOT
777,কি আনন্দ উফফফ,NOT
778,বৈশাখী এবার থেকে কি 2 জোনকেই রাখবে নাকি,HOF
779,বাহ বাহ বাহ বেশ ভালই জমেছে nice 👌,NOT
780,শিক্ষাটাকে ভোগে পাঠিয়ে দিয়েছে,NOT
781,মুখ্যমন্ত্রী কি মতুয়া সমাজকে যোগ্য সন্মান দিচ্ছে..?আপনাদের আবেগ নিয়ে তিনি খেলা করেন নি নাকি ওনার কাছে অভিযোগ করার ভিত্তিহীন।,NOT
782,আপনার বাপ আপনার জন্য কোটা তৈরি করে রেখে গিয়েছেন ।,HOF
783,"শিক্ষার মেরে দিয়েছে এরা ,,,,,,,,,,,।।।।",HOF
784,ক্লাস ওয়ান। শোভন তো চরিত্রে মদন মিত্রর প্রিয় শিষ্য ।,NOT
785,"যেমন মা বাবা তেমন সন্তান, হিন্দুরা খেঁপে গেলে এদের অস্তিত্ব পাওয়া যাবে না 😡 Joy shree ram 🙏",HOF
786,কিছুদিন পর নিজের বউ কে বলবে ওটা আমার বউ না বোন .,NOT
787,"এমন বাবা-মেয়ের সম্পর্ক যেন আর কারও না হয়। কোন বাবা তার প্রাপ্তবয়স্ক মেয়ের সাথে ঐভাবে ছবি তোলে? যা রটে, তা কিছুতো বটে। আর উনি তো প্রিন্সিপাল নন, খাতায়-কলমে Officer-in-charge.",HOF
788,তোরা কবে মানুষ হইবি?,NOT
789,মদন কেউ লাইন মেরে বিয়ে করে ফেল,HOF
790,ড্রেনের জলে ই তৃণমূলের জন্ম।,HOF
791,"এসব কথা বলতে নেই, তাহলে লোকে আপনাকে বো,,,,,,,,দা বলবে।",HOF
792,কতো ভালো ভালো মানুষ চলে যাচ্ছে এরা কেনো যায়না।সমাজের বিষ,HOF
793,ওই ইউটিউবার মাল গুলো রানুমন্ডল এর কাছেও গিয়ে নেচে এসেছে,HOF
794,জীবন চলে গেলে আর পাওয়া যায় না নেমে আয় ওকে একটা ললিপপ দেওয়া হোক,NOT
795,Dada তালে যাদের চাকরি দেবেন তাদের কেই ভোট দিতে বলবেন।জিতাতেন আমদের দরজায় ভিক্ষা চাইতে আসেন,NOT
796,এর ও তিহার যাওয়ার সময় হয়ে এসেছে,NOT
797,আপনার শিক্ষামন্ত্রী হওয়ার যোগ্যতা নেই।,HOF
798,সকাল বেলা ায় ফেসবুক খুলে আমাদের ছবি দেখতে হবে,NOT
799,কাশ্মীর ফাইলের বিবেক অগ্নিহোত্রী কেও পাওয়া যাচ্ছে না ।,NOT
800,আমার কমেন্টে এসে তুই খেঁচেছিস আবার আমাকে বলছিস 😝😝 খেচানী 😜,NOT
801,"আইসিস কে নিয়ে আমার মাথাব‍্যাথা নাই, কিন্তু পুরো মুসলিম জাতিকে দোষারোপ করা এইটা মানিনা! ছবি নিয়েও মাথা ব‍্যাথা এসব দুপয়সার ছবি অনটাইম বানানো যায়! যদি আইসিস সত্যি এমন অপকর্মে যুক্ত থাকে তাদেরকে অবশ্যই শাস্তি পেতে হবে!",NOT
802,"মিথ্যা পরিচয় দিয়ে সম্পর্ক, ধরা পড়ে খুন, দিল্লির ঘটনা",NOT
803,বোকা...... এতদিন পরে খোলস ছেড়ে বেরিয়েছে?,HOF
804,মাসীমা নির্লজ্জতার সব সীমা অতিক্রম করে গেছে।,NOT
805,অধিকার বুঝে নিতে সিপিএম শিখিয়ে ছিলো।।।বামফ্রন্ট ছাড়া গতি নেই।।।,NOT
806,এদের থেকে মানুষের ভালো কিছু সেখার নেই ।এরা নোংরা,HOF
807,"কঙ্গনা রানাউত টাইমস নাও চ্যানেলে বসে নভিকা কুমার(সিনিয়র দালাল - অ্যাংকর) পদ্মশ্রী উপলক্ষ্যে (১১/১১/২০২১)আমাদের স্বাধীনতা সম্পর্কে #ভিক্ষা করে স্বাধীনতা পাওয়া# এবং ২০১৪ সালে আসল স্বাধীনতা পেয়েছি # বলে উল্লেখ্য করে - শহীদদের প্রতি অসম্মান করেছেন,তৎসহ আপামোর জনসাধারণের (অন্ধ এবং নাথুরাম গডসে ভক্ত ব্যতীত) ভাবাবেগে আঘাত করলো। নরেন্দ্র মোদী এবং অমিত শা চুপ করে আছেন - উক্ত দুজনের বিরুদ্ধে রাষ্ট্র বিরোধী এবং দেশদ্রোহী বক্তব্যের এবং সমর্থনের জন্য UAPA ধারায় গ্রেফতার করছেন না কেন? অথচ এই সময় দালাল কর্পোরেট মিডিয়ার কনটেন্ট এবং উপস্থিত অপর্ণা সেন বক্তব্য রাখছেন - পরিস্থিতির অভিমুখ ঘুরিয়ে দিতে। আমাদের রাজ্যের মুখ্য রাজনৈতিক দল সহ সচেতন(অন্ধ এবং নাথুরাম গডসে ভক্ত ব্যতীত) জনগণ স্বাধীনতা এবং শহীদ ও স্বাধীনতা সংগ্রামীদের সম্পর্কে দেশবিরোধী এবং রাষ্ট্র বিরোধী বক্তব্য শুনে চুপ কেন? দালাল/গদি/চাটুকারিতা ইলেকট্রনিক্স/প্রিন্ট মিডিয়া নীরব থাকবে খুব স্বাভাবিক ব্যাপার - তাই বলে আমজনতা(অন্ধ এবং নাথুরাম গডসে ভক্ত ব্যতীত) নীরব থাকবে?",HOF
808,"সত্যিই বাড়বাড়ির চূড়ান্ত হচ্ছে।এখন ফেসবুক খুললেই প্রতিদিনই এই মাখামাখির ভিডিও এসেই যায়।এইসব দোকানের ক্রেতা সব সময়ই স্থানীয় লোকজনই হয়।কোলকাতা বা দূর শহরের লোক হুজুগে পড়ে এক আধদিন আসবে চলে যাবে তাই ইউটিউবে 'ভাইরাল' হলেও এদের ব্যবসার কিছুই লাভ হয় না বরং ভাটের ইউটিউব মিডিয়ার লোকজন লেবু কচলে তিতো করছে।আর প্রসঙ্গত কাঁচা সবজি,ম্যাগি ইত্যাদি মাখা?আমাকে বোধহয় লাখ টাকা দিলেও আমি এসব খেতাম না।আম,বাদাম,মুড়ি,শশা,পেয়ারা এইসব ঠিক আছে।কিন্তু উনিও তো আর কাউকে জোর করে খাওয়াচ্ছেন না,যারা স্বেচ্ছায় চেয়েছেন,উনি দিচ্ছেন।তাই সে নিয়েও বলার কিছুই নেই।লোকটা যদি সত্যিই এতোটা বিরক্ত হন,তাহলে এসব বন্ধ করা দরকার।হয়তো গরীব মানুষ কিছুটা বাড়তি আর্থিক লাভের প্রত্যাশায় এক সময় নিজেও 'ভাইরাল' হতে চেয়েছিলেন।সেটা অন্যায় না,আমরা ক'জন ই বা প্রচার চাই না!কিন্তু মানুষটাকে সুস্থভাবে ব্যবসা করতে দেওয়া প্রয়োজন। তাঁর পরিবারকে অন্ন তাঁকেই জোগাতে হবে,আমরা কেউ দেবো না।",NOT
809,দুটো বানর একটা বানুরি নাচ দেখাচ্ছে,HOF
810,ফালতু নিউজ। অানফলো করলাম।,NOT
811,সত্যি বলতে আমি প্রথম প্রথম সাপোর্ট করছিলাম কিন্ত পরে যখন এদের সাথে রাকেশ টিকেল কে দেখলাম তখন থেকে শংসয় যে এটা কৃষি বিল বা শাহীন বাগের মতো চক্রান্ত না তো,NOT
812,যেন বাপের চাকরি,HOF
813,"চীন কে এক ইঞ্চিও জমি ছাড়া হবে না, তার বেশি ছাড়া হবে।",NOT
814,"বুঝতে পারছিনা, যে কেরালা স্টোরি দেখলে বোধ হয় বিপ্লবী হতে হয়। হলে গিয়ে নিজের ইচ্ছেমত কোনো ছবি দেখতে গেলে কি নিজেকে সমাজ সংস্কারক হতে হবে?",NOT
815,"কেন বোন তোর নিজের বাবা, বাবা বলে ডাকতে দেয় না 😪🤧",NOT
816,ইনি আবার শিক্ষিকা। নির্লজ্জ বেহায়া ।,HOF
817,"যে কুস্তি করবে আশা করি তার শরীরে অনেক শক্তি থাকবে সাধারণ মানুষের থেকে,তো প্রশ্ন এটাই যে যখন ওই কুস্তিগীর কে sexually ভাবে assult করা হয়েছিলো তখন সে কোনোকিছু প্রতিবাদ বা আঘাত করলো না কেনো?",NOT
818,নোংরামি হচ্ছে ওনাকে নিয়ে। প্রশাসন এবং আইনের কাছে জানাচ্ছি ওনাকে মানসিক নির্যাতন করলে যেন অবিলম্বে গ্রেফতার করা হয় তাঁদের।,NOT
819,"বুড়িটা আবার মোটা ভাতা পেয়েছে, তাই একটু নাটক করছে🤣🤣🤣",HOF
820,"ABP Ananda মানেই দেশের শেষের খবর 😁😁😁, শালারা কিভাবে TRP বাড়ানোর লক্ষ্যে দেশকে শেষ করে দিচ্ছে।",NOT
821,এতদিন পরে ঘুম ভেঙেছে আপনাকে তো দুর্গাপূজার সময় দেখা কোনো বলতে শোনা যায়নি,NOT
822,দেবাংশুর হতাশ হবার যথেষ্ট কারণ আছে!,NOT
823,যে ভাবেই হোক উনার বারাসাত যাওয়াটা আটকান ওখানে গেলে যে উনি কি বিসনেস আইডিয়া দেবেন...,NOT
824,কত টাকা নিয়েছেন BSF এর বিরুদ্ধে বলার জন্য । আপনারা দেশের জন্য কি করেছেন বা বাংলার জন্য । দুই হাত ভরে টাকা কামানোর রাস্তা করেনিছেন বুদ্ধিজীবী সেজে । আপনাদের চরিত্র গুলো মানুষ বুঝতে পেরেছে ।,HOF
825,লাগাও  জাপানি সায়নী - দেখ কেমন লাগে এবার 😂😂,HOF
826,গবেট । নাটক করগা যা !,HOF
827,দিন দিন যাহ ইচ্ছে তাই হয়ে যাচ্ছে🥴 এরা বাবা মেয়ে🧐,NOT
828,হ্যাঁ তাদেরই দেবেন সিপিএম দিয়েছে আপনি দেবেন তাহলে আর এইসব স্কুল সার্ভিস কমিশন SSC রেখে লাভ কি তুলে দিন সব....স্লোগান রাখুন পড়াশুনা ছাড়ো আর পার্টি কর....,NOT
829,এরা বিব্ধজন....???? নেরী কুকুরের থেকেও এরা অনেক নিচে....,HOF
830,ভাইরাল হবার শখ মিটে গেছে জীবনের মতো,NOT
831,টাকা কে invest করছে এর পেছনে?,NOT
832,অশিক্ষিত ও দুর্নীতিবাজ শিক্ষামন্ত্রী আপনার এতটুকু শিক্ষা সংস্কৃতি থাকলে প্রকাশ্যে দলের কর্মীকে চাকুরী দেবার কথা বলতেন না। ভূলে যাবেন না আপনি সকলের মন্ত্রী শুধু দলের কর্মীদের নয়।,HOF
833,সমাজের এই নোংরা মানুষগুলোর নোংরামোর মুহূর্ত তুলেধরার জন্য এ বি পি আনন্দকে ধন্যবাদ।,NOT
834,পড়াশুনার দরকার নেই। দেওয়াল লিখলেই চাকরি। মূর্খ কোথাকার। এটাই তোদের শেষ টার্ম। এর পর রাস্তায় দাড়িয়ে রাস্তা ঝার দিস।,HOF
835,মিডিয়া কে আমাদের দেশের চতুর্থ স্তম্ভ বলা হয় কিন্তু এদের যা রুচি এর পর এই দাবি করে মানে নিজেদের গালে ঠাটিয়ে চড়।। সুমন দে নাকি এর এডিটর ইন চিফ!!!,HOF
836,সবার পেমেন্ট ঢুকেছে।,NOT
837,"এইগুলোকে ধরে ধরে কাপড় খুলে ,, বিছুটি পাতা ঘষে দিতে হয়,, তাহলে ডান্স টা আরেকটু ঘ্যামা হবে,,,,,",HOF
838,এই ডাকাডাকি সার আসলে কিহবে তদন্ত করতে হলে আরো অনেক দপ্তর আছে সি এম এর হাতে এত টাকার পাহাড় কি শুধু শিক্ষা দপ্তরে যদিও কোন শিক্ষক কত টাকা দিয়েছে প্রমাণ হয়নি দেখা যাক শেষটা কি হয় ।,NOT
839,দুজনেই জেলখাটা আসামী😊মদন-শোভনদা..পরের পুজোয় এদের সাথে পার্থ অর্পিতা জয়েন করবে।এবিপি আমাদের কাছে সেই আড্ডাটা পরিবেশন করবে আমি নিশ্চিত।অপেক্ষায় রইলাম 😊,HOF
840,ওহে শুদন মদনার কিন্তূ বাজে দিকে নর,NOT
841,মমতা ব্যানার্জি একজন পলিটিকাল লোক নয় তিনি একজন মিষ্টির দোকানের ব্যবসায়ী চায়ের দোকানের ব্যবসায়ী ঘুগনি দোকানের ব্যবসায়ী বিশ্বাস করার তার মধ্যে ট্রেন আছে তাই আপনাদেরকে রামধারা বলে যাচ্ছি আপনারা করুন চুপচাপ হয়ে থাকুন,NOT
842,অশিক্ষিত শিক্ষা মন্ত্রী।😀😁,HOF
843,পরজীবী বুদ্ধিজীবী এরা দেশ সমাজের কথা ভালো বুঝতে পারে কে বলেছে । এরা কি দেশের সুরক্ষা বিশারদ । ভামপন্থা চিন্তা ধারার লোকেরা দেশের সুরক্ষা ভালো চোখে নিতে পারে না। দেশের সুরক্ষার সাথে বি এস এফ এর ক্ষমতা বৃদ্ধি ঐতিহাসিক সিদ্ধান্ত।পরজীবী বুদ্ধিজীবী বি এস এফ বিরোধী রাজ‍্য সরকারের পাশে থাকলে রাজ‍্যবাসী দেশবাসী বি এস এফের পাশে থাকবে।,HOF
844,এত গালাগালি দিতে ইচ্ছে করে কিন্তু একাউন্ট রেস্ট্রিকশন খেয়েছি বলে দিতে পারছি না আবার খাবো তাহলে খুব কষ্ট হচ্ছে গালাগালি না দিতে পেরে এদের কে😢😢,NOT
845,বরঞ্চ চিনের সাথে না লেগে আফগানিস্তান আর পাকিস্তান ওদের সাথে যুদ্ধ করেন এইটা ভালো হবে,NOT
846,জি বাংলার রান্নাঘরে নতুন Host পিসিকে দেখতে চাওয়ার কঠোরতম আবেদন জানাচ্ছি 😇 ওনার মুখেই এইসব মজাদার Item খেয়ে *উউউমমমমমম* শুনতে চাই 🤗😋,NOT
847,দুনিয়ার যত নোংরা মানুষ এক হয়েছে,HOF
848,জীবনে বাঁচতে হলে কতো শিল্প শিখতে তা ম্যাম এর কাছে শিখুন,NOT
849,কাট মনির টাকা বা সরদার টাকা হবে হয়তো কে জানে।,NOT
850,"ঋদ্ধ হলাম। সমৃদ্ধ হলাম প্রতিবারের মতোই😇 অনির্বাণ ভট্টাচার্য 🫡🙏 প্রশ্নবাণে জর্জরিত😁 করে এই গুণীজনকে জানার সুযোগ করে দেওয়ার জন্য, অর্ক দেব, আপনাকে ধন্যবাদ!😊😇🫡",NOT
851,এই মেয়ে টা মানুষিক ভাবে অসুস্থ্য না হলে একটা মুসলিম মেয়ে এরকম বলতে পারে না 😭 আমি নিজেও মুসলিম তাই বলে অন্য ধর্ম কে ছোট করিনা,HOF
852,"বাবাকে ও আজকাল চার ভাগে ভাগ করা যায়। যেমন: বড়ো, মেজো, সেজো,ছোটো😂😂।",NOT
853,পশ্চিমবঙ্গের সংস্কৃতিটা ধ্বংস করে দিয়ে যাচ্ছে সকলকে রাজনীতি থেকে বিদায় দেয়া দরকার অবিলম্বে এবং সাধারণ মানুষের এদের থেকে দূরে থাকা অবশ্যই দরকার এরা কালচার বহন করে,NOT
854,শোভন দা মদন দার চোখের নজর খুব খারাপ ভালো করে মালটাকে রাখবো,HOF
855,বর্তমানের সামাজিক অবক্ষয়ের জন্য মিডিয়া যে কি সাংঘাতিক পরিমাণে দায়ী তার প্রমাণ এই অনুষ্ঠান।সব ইতিহাসে লেখা থাকবে। আগামী প্রজন্ম মিডিয়ার এই সব নিম্মরুচির নিদর্শন কে ঘৃণার চোখে দেখবে।,NOT
856,পালিয়ে যাও ওয়েস্ট বেঙ্গল থেকে এখানে থাকলে কেউ পড়া শুনা করে বসে থাকবে কোনো কাজ পাবে না । এ্যাই সব মন্ত্রীরা যতদিন থাকবে ততদিন কোনো দিন কাজ পাবে না ।নাহলে এ্যাই সব মন্ত্রীকে বিদায় করো ঝাটা পিটা করে। নাহলে ওয়েস্ট বেঙ্গল এ্যাই ভাবে এগোবে । জয় বাংলা জয় তৃণমূল। জয় বাংলা। তৃণমূল সরকারকে আবার নিয়ে এসো ওয়েস্ট বেঙ্গল এ। এটা করার দরকার আছে ওয়েস্ট বেঙ্গলের মানুষদের। বাঙ্গালী রা যত বুদ্ধিমান তত ............। এগিয়ে যাও ওয়েস্ট বেঙ্গল এইভাবে এগিয়ে যাও।,HOF
857,কাকু.....সুস্থ হয়ে উঠো......মনের জোর বাড়াতে হবে.....,NOT
858,"এই ভিডিওর পিছনে এক হিন্দু ছেলে সংযুক্ত!! তার এবং এই মেয়েটির ব্লগ ভিডিওর মাধ্যমে ধর্মীয় বিষয় নিয়ে, একে অপরকে জবাব দেয়।।। বিচার হলে উভয়ের বিচার হউক।। মুসলিম বলে এর একার বিচার হবে, আর তার বিচার হবে না, এটাও মানা যায় না।।।",HOF
859,কোনভাবে একবার ধরে ফেলুন। তারপর টানা তিনদিন উদোম কেলানো হোক।,HOF
860,"খুব শীগ্রই আসাম ত্রিপুরা meghalaya teo উন্নয়ন এর সরকার হইবে। Abhisek বাবু এর হাত dore। আজ বাংলা উন্নয়ন এর জোয়ারে ভাসলে। আসাম ত্রিপুরা কেনো বন্যা তে ভাসবে। কেনো তার কন্যাশ্রী লক্ষ্মীর ভান্ডার পাবে না। আজ বাংলাতে কোনও খেতে না পাওয়া মানুষ নাই।। পাহাড় থেকে দীঘা আজ উন্নয়নের জোয়ারে ভাসছে। দিদি ma ar মত গোটা বাংলা কে সুন্দর করে সাজিয়ে তুলেছেন। ওই রাজ্য গুলিও উন্নয়ন হবে। দুর্নীতি বন্দ হবে ,🌱💚🌱 যারা বাংলার এর বাইরে দিদি কিছু জিততে পারবেন না বলেন তাদের বলে রাখি মেগালয়ে ১২ টা mla আছেন।",NOT
861,এই ঢ্যামনা ঢেমনি গুলিকে দেখে লজ্জাও লজ্জাতে মাথা নিচু করে দেয়।,HOF
862,বাংলাদেশের যখন আমাদের দুর্গা ঠাকুরের মূর্তি ভাঙ্গা হলো এবং আমাদের হিন্দুদের ওপর এত অত্যাচার হলো এরা একটা কথা বলল না মুখে তারা সেলুটেপ লাগিয়ে বসে ছিল এখন কোথা থেকে আবার উদ্ভূত হয়েছে সত্যিই এদের বুদ্ধিজীবী কারা বানায়।,NOT
863,ছোট বাবা কি উপর দেখে বলতো নাকি নিচে দেখে?😂,NOT
864,বড়ো বাল তুমি,HOF
865,ভালো হয়েছে এটার দরকার ছিল,NOT
866,"টুকরে গ্যাং যেখানে ঢুকে স্লোগান দেয়, সেখানে কিভাবে যাই বলুন তো...! ",NOT
867,"মোদি অন্ধ ভক্ত দের চোখ গুলো হিন্দু হিন্দু করে নষ্ট,,,",HOF
868,১ ইঞ্চি ছাড়তে হবে না। শুধু ৫৬ ইঞ্চি টা কাউকে দিয়ে দিন,NOT
869,এই আগাছাগুলো না দেশের না সমাজের কোনো কাজে লাগে । বাংলার মানুষের জন্য উনি কি করেছেন ? কৃষক আন্দোলের নামে যখন লালকেল্লায় ভারতের জাতীয় পতাকা খুলে মাটিতে পদদলিত করে খালিস্তানের পতাকা উড়ানো হলো সেইদিন উনি কি শীতঘুমে ছিলেন । রাজ্যে ভোট পরবর্তী হিংসায় চারিদিকে যখন খুন ধর্ষণ লুটপাট চলল বাংলার অনেক মানুষ ঘর ছাড়া হলো তখন কি উনার চোখে ন্যাবা হয়েছিল । দমদম পার্কের জুতোর প্যান্ডেল থেকে শুরু করে বাংলাদেশের দুর্গামূর্তি ভাংচুর এবং হিন্দু নিধনের মতো ঘটনায় উনি চুপ থাকেন । সিলেক্টিভ বুদ্ধিজীবী । উনাদের গ্রহণযোগ্যতা ও বিশ্বাসযোগ্যতা অনেকদিন আগেই ফুরিয়ে গেছে । গাঁয়ে মানে না আপনি মড়ল ।,HOF
870,দুনিয়ার লোফার এক হও😂😂😂😂😂,NOT
871,"মিথ্যেকে, গুজবকে যুক্তি দিয়ে নস্যাৎ করতে হবে/ যুক্তিবাদী মানে গালাগালি বা দাদাগিরি বা গুণ্ডামি করা নয়/ কোনো মহিলাকে নোংরা ইঙ্গিত করা নয়/ ভুত ইশ্বর জ্যোতিষ এসব গুজব/ সেটাই বৈজ্ঞানিক চিন্তা ভাবনা দিয়ে প্রতিহত করতে হবে/ একদম সামনে থেকে লড়তে হবে...এই লড়াই হাতাহাতি নয়/ কদর্য ভাষা ব্যবহারও নয়",NOT
872,আহা কি অসাধারণ নৃত্যের তালিম। মন প্রাণ ছুঁয়ে গেলো আহা আহা,NOT
873,যাদের আন্দোলনে আজাদী স্লোগান দেয়া হয় সেই আন্দোলন থেকে ১০০ কি.মি. দূরে থাকা দেশের প্রতিটি সুসভ্য নাগরিকের কর্তব্য৷৷,NOT
874,এবার থেকে সবাই পড়াশোনা ছেড়ে দিয়ে দেওয়াল লিখন করবে আর মিছিলে হাঁটবে....,NOT
875,"আর যেসকল মানুষ জন আপনাদের আবেদনের মর্যাদা রক্ষার্থে আপনাকে ভোট দিয়ে আসনপ্রাপ্তি ঘটালেন,তারা কোন যুক্তিতে ""ব্রাত্য"" থাকবেন।ধন্যবাদ।শুভেচ্ছা জানাই সকলকে।👏👏💐",NOT
876,এবিপি আনন্দরও তো খেয়েদেয়ে কাজ নেই এরকম তিনজন নোংরা ঘিন্নো মানুষের সাক্ষাৎকার টিভির পর্দায় প্রকাশ করছেন এদেরকে দেখলে পশ্চিমবাংলা র মানুষ ঘেন্না করে আর আপনারা এদের সাক্ষাৎকার প্রকাশ করছেন সত্যিই আপনারাও পারেন বটে!!!,HOF
877,"এত মূর্খ শিক্ষামন্ত্রী সারা পৃথিবীতে খুঁজেও পাওয়া যাবে না। যোগ্যদের চাকরি নেই, চাকরি পেতে গেলে শুধু পা চাটলেই চলবে।",HOF
878,অষ্টমিতে ভোগের প্রসাদ পেতে এসেছে,HOF
879,এত ঘনিষ্ঠ বাবা মেয়ে🤔🤔🤔🤔,HOF
880,আচ্ছা কলকাতা টিমে কি কোন বাঙালী খেলোয়াড় আছে? 🤪,NOT
881,মাদ্রাসা শিক্ষা এই জন্য এই অবথা.. পশ্চিম বাংলা তে মাদ্রাসা বন্ধ করা হোক..,HOF
882,যেমন করে কালিয়াগঞ্জ সহ দিল্লির সাক্ষী র বিষয়ে আপনারা চোখ বুজে আছেন -ঠিক তেমন।,NOT
883,কথা নয় কাজেই দেখতে চাই। শুভ কামনা।,NOT
884,এ এক বড়ো মাস্টার--- বড়ো হ‍্যারিকেন লাইট শো। 👎👎👎👎👎👎👎,NOT
885,এদের কে জেলে রাখার সময় পেরিয়ে যাচ্ছে ।,NOT
886,সত্যি কথা। যাদের বিরুদ্ধে যুদ্ধ তারা এসে ভিড় জমাচ্ছে।,NOT
887,সম্পূর্ণ একটা অনৈতিক অসাংবিধানিক কথা বলছে এই অতি নৈতিক কুশিক্ষা মন্ত্রী,HOF
888,সোনাগাছি NO 01,HOF
889,সংবিধান টা পড়ুন! মন্ত্রীর কোটায় কোন চাকরি হতে পারে না!!,NOT
890,"প্রেরণা তুমি সত্যিই প্রেরণা জাগাবে। প্রত্যেকটা মানুষের হৃদয়ে। কিচ্ছু ভুল বলোনি, উচিত কথাই বলেছো। যা পশ্চিমবঙ্গকে সঠিক পথে এগিয়ে নিয়ে যেতে সাহায্য করবে। অনেক অনেক ভালোবাসা।",NOT
891,"আদালতের আদেশে যখন তদন্ত চলছে তখন নাচানাচি করার প্রয়োজন কি, তা দিনটাও নতুন সংসদ উৎঘাটনের দিন।",NOT
892,আমাদের লজ্জা,NOT
893,আজকের দিনে এই জুটির নোংরামি না দেখালে ভাল লাগত।,NOT
894,একি শোভন ছেড়ে এবার মদন প্রিয়া বলা যায় না After all বারাঙ্গনা বলে কথা🤭,HOF
895,এবার বিধানসভা ভোটে হেরে যাওয়ার পরে কি করবেন? আপনার পার্টির ছেলেদের কোটার চাকরি দেবেন ঠিক আছে কিন্তু যাদের ভোটে ক্ষমতায় এলেন তাদের প্রতি আপনারা কি দায়িত্ব পালন করেছেন? আপনার দলের ছেলেদের ভোটে ক্ষমতায় থাকতে পারবেন না সেটাও অনভিজ্ঞতার কারনে বোঝেন না।,NOT
896,সমাজের যব চেয়ে নোঙরা মানুষের নোঙরামি দেখানোর জন্য abp আনন্দকে নবমীতে জুতোর মালা পাঠালাম।,HOF
897,কিছু মেয়ে কতো সহজে বাবা পেয়ে যায় তা সত্ত্বেও এদের সুগার ডায়াবেটিস কিছুই হয় না 🙂,HOF
898,সোভনবাবু জিনিসটা মদোনদা চুরি করে নিবে সামলে রাখুন,NOT
899,ওমা মেয়ের সাথে বাবার এমন ছবি 😂😂😂ভাবলেও লজ্জা লাগে.... কই আমরা তো বাবার সাথে এমন ছবি তুলতে পারি না...... তার মানে কি আমরা বাবার মেয়ে না।,HOF
900,"ধর্ষণ বা যৌন হেনস্থার অভিযোগ যদি থাকবে,তার জন্য থানায় বা কোর্টে যেতে হবে,ধর্ণায় বসলে হবেনা।",HOF
901,"কোটাটা আপনার বাবার নয় , ওটা সরকারি আর সরকার আমরা সাধারণ মানুষ গঠন করি আমাদের মূল্যবান ভোট দিয়ে...সরকারি কোটা রাখা হয়েছে যোগ্য প্রার্থীদের জন্য আপনি চাকরি দেবার কে ..? আপনার চাকরি তাই তো সাধারণ মানুষের দেওয়া । সাধারণ মানুষের এবার বোঝা দরকার যে আমরা কোন অশিক্ষিতদের ভোট দিয়ে আসনে বসিয়েছে । আপনার তো কোনো শিক্ষায় নেই আপনি শিক্ষা মন্ত্রী হলেন কিভাবে..?🙄🙄",HOF
902,এই ডিকন্সট্রাকশনগুলো বা এই চেঞ্জগুলো জানা উচিৎ ।  নিজের আর্টসেন্সের চেঞ্জগুলো সময়ের সাপেক্ষে ধরা উচিৎ ।,NOT
903,চড়ে দের কেমন নোংরামি হচ্ছে দেখেন । বুড়ো ভাম কোথাকার সার্কাস দেখা ছেন ।,HOF
904,কলেজে এত মেয়ে থাকতে ওকেই মেয়ে বলতে হলো আর প্রিন্সিপালের স্ত্রী কোথায় গেল,NOT
905,বাংলাদেশের দাঙ্গার সময় চুপ ছিলেন আর এখন বক্তব্য মারতে এসেছেন চটিচাটা নির্লজ্জ্য বেহায়া বুদ্ধিজীবী,NOT
906,মিছিলে হাঁটা দেওয়াল লেখা ব্রাত্য বসু কে ভোট দিন দিদির ছবি নিয়ে ঘোরাঘুরি করা এই গুলো কি কোন চাকরি পাওয়ার যোগ্যতা? আর যারা এসব করবে না তারা চাকরি পাবে না?,NOT
907,কি দুনিয়া এসেছে রে ভাই 😥,NOT
908,"তুমি একটি অখাদ্য শিক্ষা মন্ত্রী, তোমার থেকে একজন টোটো চালকের শিক্ষা অনেক বেশী। মেরুদন্ডহীন অপদার্থ একটা তুমি।।",HOF
909,দুটোই মাগীবাজ। এতটা নির্লজ্য এইসব ব্যাক্তিদের জন্য আজ পার্টির ভাবমূর্তি নষ্ট হচ্ছে।,HOF
910,ভালো কিছু থাকলে দেখিও এসব ফালতু খবর দ দেখিয়ে কোন লাভ নেই,NOT
911,"এই সোস্যাল মিডিয়ার জন্য বাচ্চা থেকে বুড়ো কেউ প্রেম করতে পারছে না, এটা অন্যায়।",NOT
912,"ঢ‍্যামনা ঢেমনি দের খ‍্যামটা নাচটা, রাজ‍্যসরকারের পুরস্কার পাওয়া, আপনারা অবশ‍্যই দেখতে ভুল করবেন না",HOF
913,যদি হয় তাহলে বৃহত্তর মহারাষ্ট্র বেঁচে যাবে। এমনিতেই মুম্বাইয়ের উপর লোকাল অধিবাসীদের কতৃত্ব নেই। মুম্বাই বেরিয়ে গেলে রাজ্যের অর্থ অন্তত অন্য জায়গায় খরচ হবে। অন্য শহরে অর্থ বিনিয়োগ হবে।,NOT
914,"কোন হাসপাতাল জানতে হবে, ঠিক চিকিৎসা হচ্ছিল না হাতুড়ে ডাক্তার চিকিৎসা করছিল, তদন্ত করা দরকার লোক পাঠানো হচ্ছে। 🙂🙂",NOT
915,গরিব মানুষের কথা বলেন ভাই এমন দিন আসবে তোমাদের চ্যানেল কেউ দেখ বে না,NOT
916,সব থেকে ফালতু নিউজ চ্যানেল বর্তমানে। বাঙালির শ্রেষ্ঠ চরিত্রবান জুটির সাথে শ্রেষ্ঠ চরিত্রবান মহান্ ব্যক্তি।😁😁,NOT
917,"বেশি ভাট বকলে, গা। রে কলাগাছ গুজে দেব",HOF
918,এবার প্যারাসিটামল মাখা নিজে মাখিয়ে নিজেই খাও,NOT
919,আপনাকে দ্রুত ঔষধ মাখা খাওয়ানো হউক ।,NOT
920,"কিছু একটা ধান্দা বাজি আছে ,পরে মিলিয়ে নেবেন!!",HOF
921,সত্যি সবসময় তেতোই হয়। এতো কথা হচ্ছে মানে তোমার কথার দম আছে। বিচলিত হয়ো না এতে। Best wishes for u ....,NOT
922,"যে রাজ্যের শিক্ষা মন্ত্রী এমন, সে রাজ্যের ভবিষ্য কি হবে সবাই জানে!",NOT
923,একজন কলেজের Principal হয়ে October মাস গরমকাল কি করে বললেন?তবে কি ঘুষ দিয়ে চাকরি পাওয়া Principal ?শাক দিয়ে মাছ ঢাকা যায় না চাঁদু।,HOF
924,ফুটো থেকে বেরিয়ে এসেছেন বরাহ নন্দন দল। এখন দেখার ফুটোর সামনে কচু ছিল না পেছনে আছোলা।,NOT
925,"এইরকম খালি গায়ে ছবি স্যার এর বউ তুলে দিচ্ছে এটা মানতে হবে,মেয়ের মা,মেয়ে মিথ্যা কথা বলছে,লুজ ক্যারেক্টার মেয়ে,ছি",HOF
926,"কলকাতায় যোগ্য প্রার্থীরা আন্দোলন করছে ২ বছর ধরে, তাদের জন্য জেএনইউর আন্দোলনজীবি রা কোথায়??",NOT
927,কাঁচা বালদের সাথে পাকা বালদের মেশা বিপদজনক।,HOF
928,"এই পচা,ঘুন ধরা সমাজের তুমি এক নতুন দিশা,নতুন অনুপ্রেরণা, নতুন প্রজন্মের প্রেরণা। তোমাকে অনেক শুভেচ্ছা অভিনন্দন।",NOT
929,"এরা হচ্ছে পানু সাইট এর বাবা ,মেয়ে 🙂",HOF
930,"তুমি কিন্তু খুব ভালো শিক্ষক হবে প্রেরণা, তোমার কথা শুনতে খুব ভালো লাগলো",NOT
931,বর্তমান সাংবাদিকতা মানে দালালি করা।এ কাজ করার থেকে দিন মজুরির কাজ করা অনেক সম্মানের।,HOF
932,"এর অফিস এর চাপ রাশি হওয়ার যোগ্যতা নেই,শিক্ষামন্ত্রী,বানরের হাতে খর্গ।",HOF
933,এই কারণে মেয়েরা এক্সাম হলে কোনো টেনশন নেই না ; জানে যে এইরকম করলে ফার্স্ট ক্লাস পাস ইউনিভার্সিটি তে ......🤔,HOF
934,রসকলি আমার সঙ্গে আবার মদন দা🤮🤮🤮🤮🤮,NOT
935,প্রচন্ড ভাবে এই দলটার বিরোধী হলেও আমি বলবো ব্রাত্য বসু ঠিক বলেছে... মন্ত্রী কোটার চাকরি মন্ত্রী যাকে ইচ্ছে দেবে.. আমি জানিনা মন্ত্রী কোটায় যদি চাকরি হয় কিনা..??,NOT
936,কাকুর একটু মেন্টাল ট্রিটমেন্ট করিয়ে নিন,HOF
937,এদের সমাজের বাইরে বের করে দেওয়া উচিত। অথবা চিড়িয়াখানায় রাখা উচিত।,HOF
938,এবারে নোবেল টা উনার চিন্তা ভাবনা কে ছুড়ে মারা হোক,NOT
939,এই জন্য কি আমরা এদের এনে ছিলাম ।এই বদল তো আমরা চাইনি।বুদ্ধিমান বাঙালি একটু চিন্তা করে দেখুন।,NOT
940,"আমি জাস্ট কমেন্ট পড়তে এসেছিলাম, পড়া হয়ে গেছে এবার চলে যাচ্ছি। কাশফুলের বালিশ এর মতন এটা ও কিন্তু একটা শিল্প হতে পারে।",NOT
941,ওসব ছোট বাবা টাবা কিচ্ছু নয় রে বইন এটা তোর মিষ্টি বাপি সেটা বললেই হয়। 🥴🫡,HOF
942,নিজেই প্রশ্ন করছে নিজেই উত্তর দিচ্ছে!!নেতা মন্ত্রী বিধায়ক সাংসদদের হাতে কোনো চাকরি থাকে না আইন অনুযায়ী।,NOT
943,পাবলিকের পোদ মারা টাকা পেলে অনেক কিছু করা যায় সেটা বৈশাখী শোভন মদন বাবুকে দেখলেই বোঝা যায় 👍,HOF
944,"কি অবস্থা,,সমাজ টা শেষ হয়ে গেলো,,,,ছি ছি ছি,,,,এরা নাকি TmC পার্টির গর্ব,,,দল যেমন তার সমাজ বিরোধী,,আতঙ্ক বাদী নেতা গুলো সব",HOF
945,"খুব ইচ্ছে আছে ওঁর নাটক দেখবো....এই কম বয়সে যে অন্তর্গত আলোর স্ফূলিঙ্গের বিচ্ছুরণ দেখি ওঁর মধ্যে , খুব খুব আশা জেগে থাকে , মনে হয় এখনো সব শেষ হয়ে যায়নি, এরা তো রয়েছেই , সময় পাল্টাবে এদের হাতে ।",NOT
946,সাব্বাস! তুমি আগামী দের প্রেরণা হয়ে ওঠো। এইভাবেই মেরুদন্ড সোজা করে কথা বলো। অনেক আশির্বাদ তোমার জন্য।❤️,NOT
947,অযোগ্য শিক্ষা মন্ত্রী ।,HOF
948,আর জারা আপনাকে ভোট দিয়ে মন্ত্রী বানালো তারা কি দোষ করেছে,NOT
949,"তোরা কখনো দেখেছিস হিন্দুরা কারো ধর্ম নিয়ে কোনো কথা বলে , কারণ আমরা মনে করি নিজ ধর্ম শ্রেষ্ট ধর্ম ।। আর আমার তো মনে হয় তোদের ধর্ম কোনো ঠিক নেই, নাইলে বার বার হিন্দু ধর্ম নিয়ে কথা বলিস , শুনো বালিকা আগে নিজের ধর্ম ঠিক কর তার পর আমাদের ধর্ম নিয়ে কথা বলিস ।। জয় শ্রী রাম 🙏🙏🙏",NOT
950,১১ সালে পশ্চিমবাংলার জনগণ যদি আগে ভাবতো এইরকম একজন অপদার্থ মহিলাকে কখনোই ভোট দিত না,HOF
951,"আবার বেরিয়েছে বি্দ্বইঁদুরেরা, নিশ্চয় কিছু মালকড়ি পেয়েছে?",HOF
952,এ কথা শোনার পরেও দমদমবাসী সাধারণ মানুষ একে ভোট দেবেন ?,NOT
953,এটাও কি খবর করতে হবে আপনাদের মতো সাংবাদিকদের জন্য অন্যান্য সাংবাদিকরাও গালি খাচ্ছে ছিঃ,NOT
954,আমরা দুটো জিনিস জানলাম এক হচ্ছে অক্টোবর মাস হচ্ছে গ্রীষ্মকাল দ্বিতীয়তঃ আমাদের সমাজে বাবা ছাড়াও ছোট বাবা বলে একজন হয়।,NOT
955,আপনারা নিজেদের ফ্যামিলি মেম্বার দের সাথে ছোট বাচ্ছা দের সাথে নিয়ে এই খবর টা দেখবেন । আশা করি আপনাদের বাড়ির ছেলেদের নৈতিক শিক্ষা খুব বাড়বে ।।।। চ্যাবলামর সব সীমা ছাড়িয়ে গেছেন আপনারা ।।।।,NOT
956,"পিসিকে প্রধান মন্ত্রী হিসেবে চাই, শুধু আমরা কেনো সহ্য করবো পুরো দেশ সহ্য করুক",NOT
957,এরাই তো ভবিষ্যতের মুখ উজ্জ্বল করবে।।এরাই তো কলি কালের দেবতা।।,NOT
958,শোভন দার একটুও ভয় কোরলো না মদন দা কে বাড়িতে ডাকতে🙃🙃🙃,NOT
959,বিধায়কের কোটার টাকাগুলো ও এইভাবে পার্টির ছেলে দেরকে দেওয়া দরকার।,NOT
960,মাখা কাকু যে নাটক দেখাইসে ১ ভিডিও করলে বলে ২০০০০ টাকা লাগব ।,NOT
961,ভালো থাকো।যারা যে রকম তারা সেরকম ভাবেই তুমি কান দিয়োনা।,NOT
962,"কুলাঙগার, ইনাকে জুতার মালা পরানো উচিত",HOF
963,"কন্যাসম প্রেরণা তুমি এতো সৌন্দর্য মণ্ডিত মন্তব্য গুলো করলে শুনে সত্যি আপ্লুত, কিন্তু তুমি যাদের উদ্দেশ্যে করে এই বাক্যবাণ ছুড়ছো তাঁরা কোন দিন ও এই শব্দবন্ধ র মহিমা বুঝবে না, কারণ এরা শুধু ক্ষমতা আঁকড়ে ধরে থাকা টা ই বোঝে, এর জন্য আমাদের মতো সাধারণ মানুষ দাযী, কারণ আমরা ই তো ভোট দিয়ে এদের কে মসনদে বসিয়ে ছি, মানুষ আবার যে দিন এই চরম সত্য উপলব্ধি করতে পারবে তখন আরেকটা পরিবর্তন অবশ্যই হবে,",NOT
964,কংগ্রেস হটাও দেশ বাঁচাও ।। না হলে আবার দেশ ভাগ করে দেবে ।।,HOF
965,"আপনারা আমাদের অলংকার ও অহংকার, এই ভাবেই বাঙালির মুখ উজ্জ্বল করুন।",NOT
966,মদন দাও কথা দিয়েছিলো বৈশাখী কে 😳,NOT
967,ওই মুরগির মাংস কি তোর বাপের শ্রাদ্ধর খাবার ঠিক বুঝতে পারছি না,HOF
968,দুধেল গাইদের জন্য একটা সামান্য হসপিটাল বানিয়েছে তাতেই আপনাদের এত প্রবলেম।,HOF
969,দুজনেই খুব প্যান্ট খোলা মানুষ।,HOF
970,"মুখটা যেন, পচা টমেটো....",HOF
971,P.R Thakur government college ধীরে ধীরে লোকালয়ের মধ্যে Education এর দিক থেকে খুবই উন্নত হয়েছে.....তবে এই রকম অসভ্য - চরিত্রের প্রিন্সিপাল এর জন্য আজ কলেজের বদনাম হয়ে গেল....আমি ঠাকুরনগর এর সমস্ত মানুষের এবং কলেজের সমস্ত Students দের অভিভাবকদের কাছে অনুরোধ করছি....এই মানুষটিকে লজ্জা জনক ভাবে কলেজ থেকে টেনে বার করে দিন...যাতে এমন নোংরামো আর কোনো প্রিন্সিপাল সহ বাকিরা ভাবতে না পারে....,HOF
972,"যারা অন্ধ তারা সব দিনই অন্ধ থাকবে, এ নিয়ে মনখারাপের কিছু নেই। তুমি যদি মনে করো এটাই ঠিক, তাহলে দৃঢ়তার সাথে বলো, আর এগিয়ে চলো। আশীর্বাদ রইল।",NOT
973,দাদির ছবি ভুকে লাগিয়ে দেয়াল লিখন আর ভোট চাইলেই চাকরি পাওয়া গেলে ১৫ বছর ধরে পড়ালেখা করা বিলাসিতা 🥲 #RIP_WB_শিক্ষাব্যবস্থা,NOT
974,এরা সমাজের দুষিত মাল,HOF
975,খুব ভালো একটি প্রোগ্রাম। যাহা অনুসরন করে মিডিয়ার দের এরকম হওয়া উচিত।,NOT
976,মা গো এদের মরণ হয় না? কত ভালো লোকজন মরে যাচ্ছে!,HOF
977,"তার মানে এটাই বোঝা যাচ্ছে? 98% নম্বর যারা পেয়েছে তারা আজ মাতঙ্গ গিনি হাজরা মূর্তির নিচে ধর্নায়,আর ঝান্ডা হাতে নিয়ে টিপসই দিয়ে বিদ্যালয়ের শিক্ষক ,এটাই বোঝাচ্ছেন শিক্ষা মন্ত্রী , বা কি সুন্দর যুক্তি",NOT
978,এরা এখন আর কুস্তি বীর রইল না। এরা এখন ২০২৪ এর লোকসভা এর জন্য লরাই করছে।,NOT
979,বাড়ি ফাকা পায়নি তাই আসে নাই।।।😄😄😄,NOT
980,মদন ও তাহলে বৈশাখীর ভোগ খেয়ে গেল 😃😃,HOF
981,"খুব ভালো script, খুব ছোটও script, খুব সুন্দর মুখস্ত করে ফেলেছে সকলে🤣🤣🤣🤣🤣🤣🤣🤣",NOT
982,"কারণ,এরা সুপ্রিম কোর্টে কেস চলাকালীন অন্যায় ভাবে দেশবিরোধী তথা ভারতবিদ্বেষী আন্দোলনে যুক্ত।",HOF
983,"আগেকার গুরুজনরা বলতেন ""বেশি মাখা-মাখি করতে যেওনা বাপু""। এখন বুজলাম কেন বলতেন😁😁",NOT
984,তোর আইডি দেখে বুঝলাম তুই একটা দেশদ্রোহ ী তা মোদিকে পাল্টাতে হবে কেন প্রধানমন্ত্রী কাকে করবি? নামটা বল তাহলে পাল্টিয়ে দেওয়া যাবে।,HOF
985,এসব ছবি যারা পোষ্ট করেছেন তাদের বিরুদ্ধে কঠোর ব্যবস্থা নেওয়া হোক ৷ এটা দুটো ভদ্র পরিবারের বিরুদ্ধে অসভ্য লোকদের নোংরা প্রচার ৷,NOT
986,"বছরের পর বছর' কথাটা বলবার পর 'রেকর্ডিং'টা হোঁচট খেলো কেন? তবু, আদালতে যান এর বিরুদ্ধে। 'কোটা সিস্টেম'টাই যেন না থাকে, সেটাও যেন কোর্টে দাবী থাকে। কিন্তু কোটা মানে যদি ১০০%ই নিজের বাড়ীর লোক, নিজের দলের লোক হয়, যেটা ঐ সিপিএম আমলে দেখা গেছে, সেটা কীরকম কোটা সিস্টেম? আমরা,যারা সিপিএমের নেতা-মন্ত্রীর বাড়ীর লোক ছিলাম না, সিপিএমের ক্যাডার ছিলাম না, সিপিএমের ক্রীতদাস দলগুলির সুপারিশ যোগাড় করতে পারতাম না, চৌত্রিশ বছর ধরে তারা যখন চাকরী পেতাম না আর উপরে বলা লোকগুলিকেই শুধু চাকরী পেতে দেখতাম, এমনকি আমাদের নিশ্চিত চাকরীগুলোও যারা কেড়ে নিয়ে ঐ লোকগুলোকে ঢুকিয়ে দিত, সেগুলো নিয়ে কেউ তো আমাদের এসে বলেনি, ""চলো, কোর্টে তোমাদের হয়ো আমি কেস লড়বো।"" আমরা কিন্তু কিস্সু ভুলিনি। এভাবে সেগুলি ভোলানোও যাবে না।",NOT
987,"মেরি কম, যোগেশ্বর দত্ত, পি.টি.উষা, ববিতা ফোগট রা পদকজয়ী খেলোয়াড় নন? তাঁরা দেশের মুখ উজ্জ্বল করেন নি? তাঁদের কথার কোন গুরুত্ব নেই? তাঁদেরকে অপমান করার অধিকার কে দিয়েছে? পি.টি.উষা কেন শারীরিক হেনস্থার শিকার হবেন খেলোয়াড়দের মঞ্চে? মেরি কমের 'যোগ্যতা নেই' বলার অধিকার এই খেলোয়াড়দেরই বা কে দিয়েছে? রবি দাহিয়া আপনাদের ইকোসিস্টেমের পক্ষে বললেই সেটা ঠিক, না বললেই তারা ভুল? বাহ্ ভাই বাহ্!!",NOT
988,100 বার দেবেন স্যার আপনি যোগ্য শিক্ষা মন্ত্রী।,NOT
989,"বিদ্বজ্জন বলে কিছু নেই, ওরা পোষিত। সন্ত্রাস, রাজনৈতিক হেনস্তা বা খুন, খুন,ধর্ষণের মতো জঘন্য ঘটনায় ওরা নীরব থাকে।",HOF
990,"তার মানে এটাই দাঁড়ায় ও নিজেও ওইভাবেই ""শিক্ষামন্ত্রী"" পদটা পেয়েছে 😄",NOT
991,কোন বাবা খালি গায়ে তার মেয়ের গায়ের উপর ওঠে একটু বলবেন স্যার আর অক্টোবর মাসে যে গরম পরে সেটা আজকে জানতে পারলাম,HOF
992,পাগলা গারদে নিয়ে যাও মালটাকে,HOF
993,মোদি হটাও দেশ বাঁচাও নয়ত একদিন তুমাদের সবার অবস্থা একই হতে দেরি লাগবে না আল্লাহ সবাই কে হেফাজত করুন আমিন,HOF
994,নব প্রজন্ম জাগছে!!! শুরুর প্রেরনাতে জাগুক আপামর যুব!! দুর্নীতির কারিগর সাবধান!! ঝড় প্রায় মুখোমুখি!!❤️❤️💗💗,NOT
995,পার্থ কে যেমন জুতো ছুড়ে মেরে ছিল তোকে এবার কন্ডোম ছুড়ে মারবে তৈরি থাকিস । কন্ডোম শিক্ষা মন্ত্রী,HOF
996,এমন 10 জন কে দেখাও দেখি।। ও না না আছে মাধ্যমিক পরীক্ষা না দিয়েও চাকরি পেয়েছে এমন আছে অনেক জন আমি দেখেছি যেমন অনুব্রত মণ্ডলের মেয়ে 🤭🤭,NOT
997,Vdo টা গ‍্যালারি তে save করে রাখলাম।।।আগামী দিনের জন‍্য।।।কথা গুলি কতটা সত‍্য না মিথ‍্যা যাচাই করার জন‍্য,NOT
998,অতি লোভী হয়ো না ঝড়ে পরে যাবে ।। আর এত ইউটিউব করো না তাহলে ছাগল মেখে খাবে তোমায় ।।।।🙏🙏 ভালো থেকো সুস্থ থাকো ।। নিজে খেয়ে এবং অপর কে খাইয়ে খুশি থেকো এর পারলে ইউ টিউব এ ভিডিও বানিও না প্লিজ,NOT
999,"এদের কাজকর্ম উদ্দেশ্য প্রণোদিত মনে হচ্ছে।কোনোও প্রতিযোগিতায়,দেশীয় বা বহুদেশিও হোক না কেন,মেডেল পেলেই সরকারের বিরুদ্ধাচরণ করতে হবে?🇮🇪🙏",HOF
1000,ঘাস মাখা-ই ওনাকে খেয়ে দিয়েছে।,NOT
1001,সামনে যারা কথাগুলো শুনছেন আর নোট করছেন তাদের অনেক ধৈর্য্য শক্তি 🥴,NOT
1002,"ওহ্, উনি কত কিছুই না জানে। কি জানে না, এটাই সরল মন বুঝতে পারছে না। কি রকম পাগল পাগল লাগছে।",HOF
1003,ঘাস মাখা কে খায় ভাই!!!! এসব আবার খেয়েও দেখতে হয়,NOT
1004,"এক কান কাটা যায় গ্রামের বাহিরে বাহিরে, আর দু-কানকটা যায় গ্রামের মধ্য দিয়ে।",NOT
1005,"বর্তমান যুগের ""অসফল আরুণি""....",NOT
1006,"কোন ধরনের অভিযোগ করছে দেখো। এই রকম অভিযোগ করা যায়, এদের না দেখলে জানতাম না। দেশের সমস্ত সিকিউরিটি ফোর্স যথেষ্ট প্রফেশনাল আর রেসপন্সসিবল। ওদের বিরুদ্ধে অভিযোগ করার আগে ১০ বার ভাবতে হবে।",NOT
1007,এক ঘন্টা ভেবেও তোমাদের সম্বন্ধে লিখতে পারলাম না! যেটা লিখছি সেটাই অনেক কম মনে হলো!,NOT
1008,"আমি শুধু দেখছিলাম বাকিরা কি দারুন ভাবে ঘাড় নেড়ে সম্মতি দিচ্ছিল......যেন সেই ""ঠিক ""ঠিক ""ঠিক""",NOT
1009,এদের ধর্মটাই এরকম শিক্ষা দেয় এদের আর দোষ দিয়ে কি হবে,HOF
1010,অশিক্ষিত গুলা চাকরি পেলে তার সার্ভিস টা তো জনগন পাবে।তাহলে আপনি ক্ষতিটা জনগনেরই করলেন,HOF
1011,"যদি চোখের পরার মতো কাজ কেও করে থাকেন চোখে পড়তেই হবে,2.আর এদের এই কাজ কর্মের জন্য পুরো কলেজটার রীতিমতো বদনাম হচ্ছে।3.এখন অনেককিছু ধামা চাপা দিতে অনেককিছু সাজানো হবে, কিন্তু সবটা কতটা সত্যি সেটাই দেখবার বিষয়,4.মেয়েটা বললো এই ছবি গুলো স্যারের বউ তুলে দিয়েছেন, কিন্ত ছবিগুলো দেখে বোঝাই গেলো ওগুলো সব সেলফি,5.সবথেকে বড় কথা স্যারের বউ যদি নিজে থেকে সব কথা বলেন,এই খালি গায়ে ছবি তোলার সময় উনি ছিলেন, তবেই হয়তো বিষয়টি মেনে নেওয়া যাবে,5.আমার মনে হয় এই news টাও স্যারের মতামতেই বানানো,বোঝাই যাচ্ছে।",NOT
1012,"এ বাওড়া তো, আফগানিস্তানএর শিক্ষামন্ত্রীর মতো কথা বলছে ! মনে হচ্ছে ওর বাপ ওই চাকরিগুলো ওর গুঁজে দিয়েছিল মন্ত্রী হবার সময়, যাতে চকলেট বিলানোর মতো বিলোতে পারে ! মারের নাম বাবাজী !!!😊",HOF
1013,"স্বপ্ন চোখে দেখি.ভারত হিন্দুরাষ্ট্র hobe .এর জন্য অপেক্ষা করতে ,লড়াই করতে প্রয়োজনে মরতেও রাজি। জয় শ্রী রাম 🙏 হিন্দু রাষ্ট্র চাই✊",NOT
1014,ওনার কথাগুলো শুনে আমার পাইখানা পায়,HOF
1015,"কালিয়াগঞ্জের স্কুল পড়ুয়া নাবালিকা ডলি বর্মন কে একজন পাষণ্ড নির্মমভাবে হত্যা করে, সেই সময় আপনারা কোথায় ছিলেন????",NOT
1016,পাগলামির একটা মাত্রা থাকে 3 টেই একটা যন্ত্র পিস অসভ্য।,HOF
1017,"কারুর ধর্ম , সংস্কৃতি নিয়ে এইভাবে বাজেভাবে বলাটা অত্যন্ত ছোট ,নিম্ন আর বিকৃতমস্তিষ্কের পরিচয়। যে যেই ধর্মাবলম্বী তার কাছে সেই ধর্মই শ্রেষ্ঠ। যার অন্য ধর্মের প্রতি শ্রদ্ধা ও সম্মান নেই সে কখনো নিজের ধর্মকেও প্রকৃত ভাল বাসতে পারে না। কোনও ধর্মীয় গ্রন্থ অন্য ধর্মের বিরুদ্ধে আঘাত বা বিরূপ মন্তব্য পোষণ করতে শেখায় না।",NOT
1018,অপসংস্কৃতির আখড়া গড়ছে এই তৃনমূল এর মাতাল গুলো পশ্চিমবঙ্গের উছ্ছন্যে যাওয়ার মূলে এই নোংরা মানুষ গুলো দায়ী,HOF
1019,Chhi chhi আইনে কোথায় কোটা আছে একটু দেখা মূর্খ শিক্ষামন্ত্রী,HOF
1020,তুই দে চাকরি আর আমরা তোকে যেখানে পাঠানোর দরকার সেখানে পাঠাবো। পাথ্যোর মত ok,HOF
1021,তোলামূল সরকার এর ভিক্ষা মন্ত্রী।,HOF
1022,এই মেয়েটার মিছে কথা বলছে যাতে পড়াশোনা বন্ধ হয়ে যাবে রেজাল্ট নাম্বার পাবে না খুব মিথ্যা কথা বলছে পুরো বুঝা যাচ্ছে।,NOT
1023,"ঠিক বলেছেন দাদা। আমি তাহলে পড়াশোনা ছেড়ে, এবার থেকে আমি দেয়াল রং করতে যাব।",NOT
1024,কমেন্টস পড়তে এসেছি।মন্তব্য করতে নয়।পড়া হয়ে গেছে।চলে যাচ্ছি।,NOT
1025,"সরকারি চাকরি কোন রাজনৈতিক নেতার বাপের ঘরের নয় ! এই মাথা মোটারা সেটাও বোঝে না ! চাকরির বিভিন্ন ক‍্যাটাগরী আছে, এসটি,এসসি এবং ওবিসি এই গুলোই কোটায় মেনটেইন করতে হবে আগেই এটাও শুনে রাখা উচিৎ একজন যদি মামলা করে,তবেই সাংবিধানিক দায়বদ্ধতার কারনে জেল খাটতে হতে পারে এই সকল নেতাদের। জয় ভীম।",HOF
1026,"অবশ্যই কথা বলতে পারেন কারন বছরের পর বছর দেওয়াল লিখন, মিছিলে হাঁটা এগুলো করলে চাকরি পাবে এই কন্সেপ্ট টা কি ঠিক ? পার্টির ছেলেদের জন্য কাজ করার জন্য নেতাদের ভোট দেওয়া হয় কি ? ঐ দেওয়াল লিখন মিছিল তো জনগনের ভোট পাওয়ার জন্যই করেন ! আপনি ভোটে জিতলে তবেই কোটা টা পান তো ! তাহলে সেই কোটার চাকরি কার পাওনা ? জনগন যদি বলে যে যারা আমাদের বছরের পর বছর সহযোগিতা করে যেমন বন্ধু বান্ধব, আত্মীয় স্বজন তারা ভোটে দাড়ালে শুধু তাদেরই ভোট দেব ? জনগণের জন্য কাজ করলে এমনিতেই জনগন তাকেই ভোট দেবে তারজন্য দেয়াল লেখার , বাড়ি বাড়ি গিয়ে প্রচার করার লোকের প্রয়োজন হয়না। জনগনের হয়ে, জনগনের জন্য কাজ করুন তাহলে কারো বাপের সাধ্য নেই যে হারায়।",NOT
1027,😣 ভগবান তুমি কি সত্যিই কোথাও আছো?,NOT
1028,শোভন সাবধান মদন কিন্তু ভালো প্লে বয়,NOT
1029,প্রত্যেকেই ক্যারেক্টার লেস এরাই সমাজটাকে কুলুষিত করল,HOF
1030,"দারুন বলেছো,,এতো সুন্দর ভাবে সবাই বলতে পারে না,,এগিয়ে যাও বোন 😊😊",NOT
1031,অপ্রিয় হলেও অতি সত্য কথা বলেছেন। ব্রাত্য বসু স্পষ্ট কথাটা বলতে পেরেছেন আর বাকিরা মুখে নিয়ম শৃঙ্খলার কথা বলেন বা বলে গেছেন কিন্তু পর্দার আড়ালে আসল কাজটা চুপচাপ সেরে ফেলে বিড়াল তপস্বী সাজেন।,NOT
1032,"প্রমাণ থাকলে সুপ্রিম কোর্টে কেস করতে বলুন , দেশে আইন আছে তো ।",NOT
1033,স্কুল কলেজ বন্ধ করে দিয়ে পার্টি অফিস খোলো তাহলে সবাই পার্টি অফিসে এডমিশন নেবে,NOT
1034,"খুব ভালো করেছে, আমাদের ভোটেই তো জিতেছে। আমাদেরই প্রতিনিধি। পরের বার আবার ভোট দেবো। এত্তো উন্নয়ন।",NOT
1035,হারামি বলতে নেই।,NOT
1036,"এবার ঘাড় ধাক্কা খেয়ে বছের পর বছর কোথায় মুখ লুকোবেন সেটা চিন্তা করুন। অবশ্য রং বদলাতে সময় লাগবে না। অযোগ্য লোকের হাতে ক্ষমতা এলে , অযোগ্য দের ই তো চাকরি দেবে",HOF
1037,পেটে পানিটা একটু বেশি মাত্রায় পড়ে গেছিল।😁,NOT
1038,"এ খানেই তফাৎ ওদের সঙ্গে তোমার। মানুষ যে শুধুই মানুষ,তা নয় মান হুষ ই মানুষ।",NOT
1039,আর এবিপি আনন্দ খবরের চ্যানেল কে বলবো অনুরোধ করবো এই ধরনের খবর দেখাবেন না সমাজের ছেলে মেয়েরা খারাপ হবে এরা এত নোংরা,NOT
1040,যে বিষয়ের জন‍্য এত বড়ো ঘটনা ঘটছে সে বিষয়ে বামপন্থীদের কোন অভিযোগ নেই ।কারণ হত‍্যাকারী যখন একজন মুসলিম,HOF
1041,যন্তর মন্তর এ ধর্ণা করতে হলো কেন? ন্যায়পালিকা ছিল তো। বৃজভুষন কে কাঠগড়ায় রাখলাম। The Supreme Court has also given his verdict. হটাৎ রাজনৈতিক দলগুলো ঢুকে পড়ল কেনো? Is it pre-planned? এরা দেশের নাম উজ্জ্বল করলো। নিজের দের ভবিষ্যত নষ্ট করে দিল।,NOT
1042,সঠিক কথা সঠিক চিন্তাধারা অসাধারণ পোস্ট এমন প্রেরণা এমন তার চিন্তাধারা আরো আরো প্রেরণার মধ্যে পরিস্ফুট হোক অসংখ্য ধন্যবাদ বন্ধু এমন পোস্ট শেয়ার করার জন্যে 🙏🙏❤️,NOT
1043,শিক্ষা মন্ত্রী হবার সময় শপথ গ্রহণে বলতে পড়তে,NOT
1044,যা বোঝা যাচ্ছে তিহার জেলের আয়তন আরো বাড়ানো দরকার,NOT
1045,পোট্যাটো চিপ্স হলে ভাল হত।,NOT
1046,এরা তো কংগ্রেস পার্টির হয়ে বিক্ষোভ করছে। এরা এখন দেশবিরোধী চক্রের সঙ্গে জড়িয়ে গেছে। এঁদের পাশে দাঁড়ানোর কোনো কারণ নেই। এরা কংগ্রেস পার্টির নির্দেশে এই সব করছে।,NOT
1047,মহা পাগলি সবাইকে পাগল বুদ্ধু বানাচ্ছে মিথ্যা কথা বলে নূতন নাটক,HOF
1048,তিনে মিলি খেলিব আজ হারি জিতি নাহি লাজ 🙂,NOT
1049,এই বেরিয়েছে রে বুদ্বিবিচি😂।যখন বাঙালিরা মরছিলো দুর্গাপুজোয় এ কোথায় ছিলো।,HOF
1050,abp কি জানতো ও লাভলী আসবে।তাই ক্যামার নিয়ে বসে ছিলো।,NOT
1051,নির্লজ্জ অকর্মণ্য শিক্ষা মন্ত্রী......,HOF
1052,এরাই কি তৃণমূলের মুখ? এদেরকে দিয়ে দলের কি সত্যই কোনও প্রয়োজন আছে? Abp র ও কি কোনও কাজ নেই? সমাজকে কি massage দিতে চায় সংবাদ মাধ্যমে?,NOT
1053,"সব নির্লজ্জ বেহায়ারা একজায়গায়,,,,,,,, এটা দেখেই ভালো লাগছে",HOF
1054,"চোর সর্বত্রই চুরি করে, নাটক ও চুরি করেছিলো, উৎপল দত্তের নাটক চুরি করে ধরা পরে তার স্ত্রীর কাছে ক্ষমা চেয়েছিলো। চোরগুলোকে মানুষ লাথি মেরে তাড়াবে।",HOF
1055,মানে কিছু আর বলার নাই।ভাষা পাচ্ছি না।খিস্তি দিলেও খিস্তির অপমান হবে।,NOT
1056,মানে টেট ফেল বা খালি খাতা জমা দেওয়াদেরও দিয়ে দেবেন🤔🤔🤔🤔🤔 আপনার কোটার চাকরি আপনি দিন কিন্তু যাকে দিচ্ছেন সে ঐ কাজের যোগ্য কিনা সেটা যাচাই করবেন না🤔🤔🤔,NOT
1057,বেশি অহংকার করলে যা হয় আর কি...,HOF
1058,"সমাজের সবথেকে কুরুচিকর চ্যানেল এবিপি আনন্দ, দুটো দুষ্চরিত্ত, মাতাল কে নিয়ে খবর করছে",HOF
1059,বাঙালির রাজনীতি শুরু। ধন্য বাঙালি,NOT
1060,তুরা ওই কর দেখছিস বয়ফ্রেন্ড গুলো বেকার 🙄 পটিয়ে প্রিন্সিপাল কেও ভাতার করে নে😑😑😑,HOF
1061,সমাজ কে নষ্ট করার জন্য এরা ত আছেই,NOT
1062,এখনতো শীতঘুম দেয়ার সময় ও বুঝতে পেরেছি অসময়ের বৃষ্টির ফলে নিদ্রায় ব্যাঘাত ঘটেছে😂,NOT
1063,চাপা দিচ্ছে। কলেজে পার্টির লোক গুলো আরো বাজে,NOT
1064,আমাদের শিক্ষক মন্ত্রী,NOT
1065,"চিন্তা নেই, খুব শীঘ্রই, আরেকটি সংসার ভাঙ্গতে চলেছে.......",NOT
1066,"কত বদজাত মহিলা ২টো সংসার ভাঙ্গিয়ে ও বদামো, অভ্যাস গেল না। এ বয়েসে আর কত নাচবি।",HOF
1067,"আজকে মাসিমা খুব হ্যাপি,,,, থ্রী**ম। আর আনন্দবাবু ছবি তুলে হ্যাপি!",HOF
1068,"ভীষন ভীষণ ভীষণ শিক্ষিত... না পড়াশোনার কথা বলছি না, জীবনের নৈতিক শিক্ষা প্রচুর রয়েছে মানুষটার মধ্যে.. এগিয়ে চলুন বস্❤❤",NOT
1069,সত্যিই সাংবাদিকতা অসাধারণ মুহূর্ত তুলে ধরেছে,NOT
1070,এটুকু বলতে পারি তোমার ভবিষ্যত অন্ধকার,NOT
1071,"এবিপি আনন্দ এই সকল ফালতু লোকদের ভিডিও দেখিয়ে সমাজকে নষ্ট করছে, এ সালাদের কোন লজ্জা নেই, একদিন হয়তো দেখবেন এই একটা মালকে নিয়েই দুজন টানাটানি করবে",HOF
1072,এবিপি আনন্দ নিজের স্তর এতটা নিচে নামাচ্ছে কেনো বুঝতে পারছি না ।,NOT
1073,"কোটার নিয়ম নিপাত যাক, গুণ আর মেধা মর্যাদা পাক।",NOT
1074,এর নাকি চাকরির কোটা আছে nonsense,NOT
1075,ভীষণ খারাপ লাগে এইসব দেখে। 😣 মানসিক রোগীদের যে কতটা কষ্ট তা বলে বোঝানো সম্ভব নয়।,NOT
1076,"হরিদাস পাল, কত সেনা প্রধান এল গেল।",NOT
1077,"একবার ক্ষমতা থেকে বেরিয়ে আয় তারপর দেখ কি হয়, একটা জুতোও টার্গেট মিস করবে না।",HOF
1078,উনার এখনই কোনও মানসিক ডাক্টার দেখানো উচিত।,HOF
1079,"ঘাস, রজনীগন্ধা ফুল মাখা বন্ধ করুন। দাম কমান... আপনি সুস্থ হয়ে যাবেন।",NOT
1080,ভারামোর একটা সীমা থাকা খুব দরকার,HOF
1081,"এই সবাই চুপ করো, দিদি বলেছে মানে এটাই ঠিক, এটাই শেষ কথা ।🤲",NOT
1082,হিন্দু ধর্মকে অপমান করা হচ্ছে।। শাস্তি হোক এই মেয়ের 😡😡,HOF
1083,আচ্ছা এটা তো কোর্ট এ বিচারাধীন সেখানেই ফয়সালা হোক,NOT
1084,"অশিক্ষিত শিক্ষা মন্ত্রী,ছি!",HOF
1085,বিজেপির গুজরাট মডেল।। এই গুজরাট এর কাছে আবার সিপিআইএম এর কেরেলা naki মডেল শিখবে বলছে।। সিপিআইএম বিজেপি মিলে মিশে একাকার।।।,HOF
1086,সমাজের কুলাঙ্গার গুলো এক জায়গায় হয়েছে,HOF
1087,মোদী এখন দেশ হয়ে গেছে বাহ্ বাহ্।মোদীর বিরুদ্ধে কেউ বললেই দেশদ্রোহী।আমার তো মনে হয় কাল যদি নেতাজীর যাগায় মোদীকে স্থান দিই তাহলে আমার থেকে বড় দেশপ্রেমী আর কেউ হবে না।,HOF
1088,"অপরিনত, অশিক্ষিত ক্ষমতলোলুপ নেতারা এই ভীষন পরিমিত, যুক্তিগ্রাহ্য কথাগুলো প্রেরনার কাছ থেকে শিখুন। যদি সদিচ্ছা থাকে।",NOT
1089,বাংলার উন্নয়ন দেখার জন্য জানালা দিয়ে বেরিয়ে এসেছে 🙏 জয় মা,NOT
1090,"আপনি রেডি থাকুন বরং। ওগুলো আপনার প্রয়োজন পড়বে। আর হ্যাঁ হসপিটালে একটা বেডও রেডি রাখুন। আপনার প্রয়োজন পড়বে। আমরা যে হাঁপিয়ে যাই না, শীঘ্রই তার প্রমান পাবেন।",HOF
1091,চাকরি কি তোমার বাপের সম্পত্তি না শুধু তোমার ছেলে মেয়ে পরবে। শালার বেটা এমন ছেলেদের চাকরি দিযেছিস ভালো করে তারাই লিখতে পারেনা,HOF
1092,"ওমা এবার ময়রা হলো কবে??? কতো গুনের অধিকারী সত্যিই ভাবতেই অবাক লাগে, কতো জন্মের পূর্ণের ফলে আপনাকে মুরখো মনতী পেয়েছি।",NOT
1093,"তোর জেনে রাখা ভালো যে,যে পৃথিবীতে বাস করছিস সেই পৃথিবী মেয়ে আর হিন্দুদের দেবী।",NOT
1094,"শোভনের কপালে দুঃখ আছে, মদন হাজির 😜",NOT
1095,ABP আনন্দে এখন ফালতু খবরে রমরমা। সমাজের নোংরা ঘটনা গুলি তুলে সমাজকে কলুষিত করে চলে। সমাজের দূষিত মানুষদের খবর পরিবেশন করে আপনাদের চ্যানেল ও সমাজের সুস্থ ভারসম্য ভীষণ ভাবে ক্ষতি করেছে।,NOT
1096,অখাদ্য মাখা খেয়ে এই অবস্থান,HOF
1097,নেতাদের চারিত্রিক বৈশিষ্ট্য যদি এমন হয় তা হলে সমাজ কে এরা কোথায় নিয়ে যাবে I,NOT
1098,"ঠিকই তো! সারা বছর পা চাটলো, নেতাদের গুনগান করল, এরা পাবে না তো কারা পাবে।",HOF
1099,"এই জন্যই ব্রাত্য, হবে তোর শ্রাদ্ধ।",NOT
1100,"সবাই মিলে বাংলার মিডিয়া কে বয়কট করা উচিত,এরা সমাজ কে রসাতলে নিয়ে যাচ্ছে,মানুষের প্রতিবাদের জায়গা কে নষ্ট করছে.... বর্তমান সরকার এর সাথে হাত মিলিয়ে এরা বাংলার মানুষ দের মানসিক ও আর্থিক ভাবে পঙ্গু করে দিচ্ছে...",HOF
1101,"ইস আমাদের কি সৌভাগ্য ওনার মতো একজন পিসিমনি পেয়েছি, অনেক দিন ধরে একটা বিজনেস করতে চেয়েছিলাম অবশেষে আমাগো পিসিমনি আমারে বাচাইলো এখন আমিও বড়লোক হব ও পিসি অনেক ধন্যবাদ",NOT
1102,"নোংরামির ও একটা সীমা থাকে আমরা সেই সীমাটাকেও অতিক্রম করে যাচ্ছি, shame shame ,আমরা আমাদের সামাজিক দায়িত্বটাই হারিয়ে ফেলছি.....",HOF
1103,তাহলে যোগ্যতার কোন দাম নেই শিক্ষা দীক্ষার কোন দাম নেই হায়রে শিক্ষা মন্ত্রী,HOF
1104,"হা এদের রাজনৈতিক বেবসা টা যখন মানদা পরে , খমতা নাই সন্মান নাই , তখন Congress মিডিয়া একটা মনপচন্দ ফটো পেয়ে লাফালাফি করছে , আর বিশেষ করে এই পেজের মালিক মুসলিম হবে , নয়তো মুসলিম এর জন্মা , একে kerela story মোভি খারাপ লেগেছে ,",HOF
1105,জেলখাটা চোর ও লম্পট নিয়ে আনন্দবাজারীয় মোচ্ছব। লজ্জা লাগে না,HOF
1106,"আরে ভাই এ কি পড়াশোনা করেছে, নাকি দিদির মুখেই তাকিয়ে ছিলো রে ভাই।",NOT
1107,আমাদের রাজ্যে পয়সা এবং ভাতা দিয়ে বুদ্ধিজীবী বানানো হয়। কোথায় ছিল এরা যখন হাজার হাজার বিজেপি সমর্থক ঘর ছাড়া হয়ে অন্য রাজ্যে আশ্রয় নিয়েছিল এবং তাদের অবর্তমানে তাদের বাড়িঘর সব জ্বালানো হয়েছিল এবং মা বোনেরা ধর্ষিতা হয়েছিল?,HOF
1108,এই কথাটি একমাত্র ছাপা শিক্ষা মুনতি বলেই এই কথাটি ব্যবহার করতে পারে।,NOT
1109,প্রেরণা তুমি অনেক অনেক বড় হও। আর এইভাবে আসল সত্যিটা চোখে আঙুল দিয়ে দেখিয়ে দাও।,NOT
1110,পাগলের প্রলাপ খুব বেশি বেড়েছে,HOF
1111,"সরকারি চাকরিটা তোর বাপের পৈতৃক সম্পত্তি না কি? সরকারি চাকরি মন্ত্রীদের কোটা হল কবে থেকে? তোর চাকরিটা তাহলে নিশ্চয়ই কোটাতে পেয়েছিস বাম আমলে, নিজের যোগ্যতায় পাস নি নিশ্চয়ই।",NOT
1112,বাবা মা কিভাবে স্কুল এর চাকরি পেয়ে ছিলেন একটু জানতে ইচ্ছে প্রকাশ করার অনুরোধ করছি। সেটা ন্যায় কি চিন্তা করে দেখো।,HOF
1113,"হ্যাঁ হ্যাঁ শৃঙ্খলাবদ্ধ দল তো বটেই , ভোটের সময় পারস্পরিক সব যুযুধান চোরের দল শৃঙ্খলাবদ্ধ । ভোটে না জিতলে আসল চুরির মওকাটাই নষ্ট হবে । তাই প্রশাসন কে কাজে লাগিয়ে জোর জবরদস্তি ভোটে জেতা । তারপর আবার যে কে সেই । ভাগের লড়াই ।",NOT
1114,"সমাজের কীট, সমাজকে ধীরে ধীরে ক্ষত করে দিছে।।",NOT
1115,"Ultimately বাবা মায়ের সম্পর্ক টা নষ্ট করা হলো সমাজে, লজ্জা লাগা দরকার",NOT
1116,ওইটুকুমেয়ে এত সুন্দর কথা বলতে পারে! এত গভীর তার চিন্তা ভাবনা! এত লজিক্যাল উপস্থাপনা! আমি অভিভূত। তুমি এগিয়ে চলো মা। তোমার জন্য অনেক আশীর্বাদ রইল।,NOT
1117,"ওদের সাখাত আনন্দের খবর হয়, আমরা ওসব ছিনালী করলে পাড়ার প্রতিবেশিরা ধরে স্যাটাভাঙা কেলিয়ে পাড়ার কালিমন্দিরে ধরে বিয়ে দিয়ে দিত",NOT
1118,বাপের ঘরের চাকরি 😛,NOT
1119,আমি ভাটের লেখা লিখতে পারি। নেবেন?,NOT
1120,আমাদের সকলের লজ্জা এটা। বুঝতে পারছিনা কিভাবে লোকটা এখনও ক্ষমতার শীর্ষে অধিষ্ঠিত! কঠোর থেকে কঠোরতম শাস্তির দাবি জানাই!,HOF
1121,পুরো কারাগার পেশেন্টের বাড়ির লোকজন কে দেখা করতে দেয় না ।শুধু টাকা টা সময় মতো নিয়ে নেয়,NOT
1122,"একটা মেয়ে কেরালা স্টোরি মুভিটা দেখে বাইরে সাংবাদিককে বলে যে, প্রত্যেক 18 বছর বয়সের মেয়েকে মুভিটা দেখা উচিত। এখন আমি দিদিটাকে কিছু বলার জন্য অনুরোধ করছি। 😤🤨",NOT
1123,"এনাকে অ্যারেস্ট করা উচিত😏, দেয়াল লিখে চাকরি দেবে",NOT
1124,তাই বলে দাদা আপনি মেয়ের উপরে চড়ে যাবেন 🤣🤣,HOF
1125,প্রেরণা কে শুভেচ্ছা। উজ্জ্বল ভবিষ্যৎ কামনা করি।,NOT
1126,"এদের মতো ভোট পাখিদের আমরাই ভোট দিয়ে জেতাই, দোষটা এই বানচোতদের তো নয়, দোষটা আমাদের",HOF
1127,এনারাই আমাদের সমাজের ভবিষ্যৎ এনাদের অনুপ্রেরণায় পরবর্তী জেনারেশন রসের তলে যাওয়ার রাস্তা পাকা করছে জয় মমতা জয় মদন জয় বৈশাখী বৌদি,NOT
1128,"আমিও শিহরিত হচ্ছি।শিহরিত,শিহরিত😊😊😊😊😊😊",NOT
1129,"যারা এইসব ফালতু নিউজ পরিবেশন করে তাকে বয়কট করে ব্লাকলিস্ট করা উচিত,...",NOT
1130,মানুষগুলো এমনভাবে শুনছেন আর লিখছেন। দেখে মনে হচ্ছে কলেজের স্টুডেন্ট,NOT
1131,পুলিশের কাছে অভিযোগ দায়ের করেন ওই সব ইউটিউবার লোক গুলোর নামে,HOF
1132,"ছেলে মেয়ে gulo আর স্কুল এ যায় না জানেন... সবাই বলে 'পড়াশুনো করে কি হবে কোনো লাভ নাই... কিছু হতে গেলে ঘুষ লাগবে নয় পার্টির দালাল "".... শিক্ষা টাকে কোন জায়গায় নিয়ে গেছে একবার ভাবতে পারছেন?🥲🥲... অন্তত শিক্ষাক্ষেত্রে দুর্নীতি টা বন্ধ থাকতো... শিক্ষার প্রতি মানুষের অনীহা জন্মে গেছে,🥲🥲🥲🥲 যার দায়ী শুধু সরকার....",HOF
1133,কয়েক বছর পর ১৮আবার ফিরছে। কবি সুকান্ত ভট্টাচার্যের কথায় এ দেশের বুকে ১৮ আসুক নেমে । তারুণ্য হোক আমাদের ভবিষ্যৎ। তুমি অনেক বড়ো হও মা।,NOT
1134,"হাকিম সাহেব কিছুই করতে, পারলেন না , মদন পরে সুযোগ পেলেই মালিশের নামে পালিশ করে দেবে।",NOT
1135,"এরাই হলো আসল বুদ্ধিজীবী মানুষ, এদের কে দেখলে আর এদের কথা শুনলে নিজেদের কে বাঙালি বলতে গর্বে বুক টা ফেটে যায়।",NOT
1136,তিন তিনটে আস্ত ছিনাল.......,HOF
1137,"শোভন্দা মদন্দা হইতে সাবধান , বং ক্রাশ মদন্দা কিন্তু নীল ধুতি পাঞ্জাবী পরে হিরো হয়ে বসে আছে , বৈশাখীকে তুলে নিয়ে পালাতে পারে 😂",NOT
1138,আর কত কিছু শিখতে হবে পিসির কাছ থেকে ।আর কিছু বলার নেই। এখনি বিদায় নিলে বাংলার মানুষ বেঁচে যাবে।,NOT
1139,সবাই ABP আনন্দ কে খারাপ বলছে তবে যুক্তি দিক থেকে বিচার করতে গেলে ABP আনন্দ ঠিকই করছে কারণ ওদের মানসিক দিক টা আমরা চিনতে পারছি যে তারা আমাদের ভবিষ্যৎ এর চিন্তা করার জন্য কতটা উপযুক্ত । এরা তো নিজেই পাগল দেশ কি সামলাবে। সবার ভবিষ্যত অন্ধকারে ঠেলে দিয়ে নিজেরা আনন্দ করছে । ধিক্কার জানাই। এতই যদি colourful হয়েছো তাহলে অ্যাক্টিং করো পলিটিক্স এর জন্য তুমি উপযৌক্ত নও।,HOF
1140,"এই খেলোয়ার মহিলাটা ৩ তালাক আইন বাতিল করার সময় ভারতে, মোদি সরকারের পক্ষ নিয়েছিল মুসলিমদের বিপক্ষে. |",HOF
1141,এই মাথামোটার খুলির ভেতর কি আছে দেখতে ইচ্ছে করছে। প্রধানমন্ত্রী মমতা ! LMAO,HOF
1142,"এই কথা প্রকাশ্যে বলার পরেও উনি শিক্ষামন্ত্রী, এটাই অনেক বড়",NOT
1143,"অপুলবো...হাচবো না কানবো...না পারটি করবো,কিছু ঠাওর করতে পারছি না",NOT
1144,"সংবিধানের কত নম্বর ধারায় কোটা কথাটা আছে।তুমি মন্ত্রী সবার,,TMC নয়।",NOT
1145,প্রকৃত শিক্ষার অভাব যে অন্যের ধর্মকে সম্মান করতে জানেনা সে নিজের ধর্ম কে সম্মান করবে কিভাবে. #Kolkata Police,HOF
1146,"আপনি জনগণের মন্ত্রীত্ব ছেড়ে আপনার দিদিভাই আর ক্যাডারদের মন্ত্রী হয়ে থাকুন। আমাদের কাছে ভোট চাইতে এলে অপমানিত হতে হবে। মনে রাখতে হবে। "" কাকে দিলি রাজার পার্ট!"" মুর্খ রাজার অশিক্ষিত মন্ত্রী!",HOF
1147,"কলেজ খুলে লাভ নেই, পার্টি করলেই চাকরি পাবে, শিক্ষা মন্ত্রী হিসেবে উনার কথা একদম সমর্থন করি।",NOT
1148,দাদা একটু শান্ত হোন পাবলিক বলে কিছু আছে আর তারা কেলিয়ে ফাটিয়ে দিতে এ পারে এটাও তাদের অধিকার।এই মার তাও তারা পারে🤣🤣😂😂😂😂😂😅😅😅😅,NOT
1149,বাজে কিছু না খাওয়ানোই ভালো।,NOT
1150,এদের রাজ্যকে নিয়ে ভাবার সময় কোথায়?!মনে হচ্ছে কলেজের প্রেমিক প্রেমিকা।,NOT
1151,মেয়ে বলে বলে মুরুগঝুটিটা উলটে দিলেন স্যার??,HOF
1152,জনগণকে শোষণ করে আনন্দ উল্লাসের আসল রূপটাই এরকম।,NOT
1153,"সত্যি বলতে কি এসব বক্ত্যব বোঝার মতো শক্তি সবার কাছে থাকে না, তাই তারা ভুল ব্যাখ্যা করে বসেন, আর আমার মতে এসব কথা গুরুত্ব না দিয়ে নিজের লক্ষ্যে অবিচল থাকা ।",NOT
1154,"তো এই প্রতিবাদ আরো 30, 40 , 20 10 , 50 বছর আগে করেন নি কেনো? আজ হঠাৎ প্রতিবাদ? আর কাঁটা তার তো আজকের নয়। হয়তো বাড়ানো হচ্ছে। কেনো হবে না? আর যারা 2 দেশের মাঝখানে থাকে, শুধু ভোটের সময় এসে ভোট দিয়ে যায় তাদের নিয়ে কেনো এতো দিন প্রতিবাদ করেন নি যে তাদের এই রাজ্যের অন্তর্ভুক্ত করা হোক। আজ এই 75 বছর পর এতো বোধদয়। আসলে আপনাদের প্রতিবাদ টা সেই সব মানুষ বা কাঁটা তারের জন্য নয় এটা বিজেপি কে না পসন্দের জন্য। এদিকে রাজ্যের অনেক কিছু অন্যায় দেখেও মুখ বুজে থাকেন। তখন আর প্রতিবাদের স্বর গলা দিয়ে বেরোয় না। তাই আজ আর আপনাদের প্রতিবাদের কোনো দাম নেই। আপনারা হলেন এই সমাজের সব থেকে বড়ো hypocrite। সুবিধাবাদী, স্বার্থপর। 🤨🤨",HOF
1155,জঘন্য চ্যানেল।,HOF
1156,"বিজেপিকে কর্ণাটকের মতো হারাতে হবে . হারালেই সব ঠিক হয়ে যাবে ভারতবর্ষে। এবং বিজেপি মুক্ত দেশ করে করে আবার স্বাধীন করতে হবে ভারতবর্ষকে, হিন্দু মুসলিম বৌদ্ধ খ্রিস্টান সবাই এক হতে হবে 🙏🙏🙏",NOT
1157,"সাপোর্ট করছি wrestlers দের। তবে ভোট দোবো মোদিকে। মোদির সব কাজকে সমর্থন করিনা, তবে এই মুহূর্তে ওনাকেই দরকার",NOT
1158,লজ্জা লজ্জা লাগা দরকার এদের,NOT
1159,বিরাট ফাইভ স্টার হোটেলের শেফ এসেছে। মুখ খুললেই ভাঁটের কথা। আবার সামনে সব অফিসিয়াল রা বাধ্য ছেলের মতো এগুলো লিখছে। হায় কপাল।,NOT
1160,পুজোর ভীমরতি একেই বলে --- মদ অন,HOF
1161,"বাহ্ দিদি এতো দিন পর হঠাৎ প্রতিবাদ এতোদিন কোথায় ছিলেন!!?? যখন ভোট পরবর্তী হিংসা হলো, নৃশংস খুন হলো মানুষ । বাংলাদেশে হিন্দুদের উপর অত্যাচার হলো, সাম্প্রদায়িক দাঙ্গা হলো, হিন্দু নিধন হলো, তখন বুঝি কথা বলতে খুব কষ্ট হচ্ছিল। প্রতিবাদের মুখ তখন কি বিক্রি হয়ে গেছিল ? ছিঃ ছিঃ ছিঃ.....!!!!!!",HOF
1162,"এখানে দেখছি অনেক মুসলিমরা কমেন্ট এ এসে হাগছে, তাদের বলতে চাই 28 তারিখে দিল্লিতে একটা হিন্দু মেয়েকে মুসলিম ছেলে 16 বার ছুরি মেরেছে তার পর আবার পাথর দিয়ে মাথা থেঁতলে দিয়েছে। তখন তো আপনারা খুব খুশি হয়েছিলেন, উত্তর দিনাজপুর ডিস্ট্রিক্ট এ একটার পর একটা হিন্দু মেয়েকে প্রেমের জালে ফাঁসিয়ে গ্যাং-রেপ করে হত্যা করা হচ্ছে তখন তো আপনারা খুশি তে নাচতে শুরু করেন। আজকে দেখছি পুরো ব্যাপার টাই উল্টে গেছে, কি ব্যাপার???",HOF
1163,"উনার ন্যাচারাল কথাবার্তা গুলোর মধ্যে একটা ভারিক্কি ভাব রয়েছে, যেটা শুনে আমার খুব ভাল লাগল।",NOT
1164,এদের চুরির টাকা ফ্ল্যাট নেবার সময় মা বা অন্য কেউ অসুস্থ হয় না ইডি সিবিআই ডাকলেই বাড়ির লোক অসুস্থ হয়ে পরে কেনো?,HOF
1165,যে জাতির মিডিয়া ও নেতৃত্বের এই রুচি সাথে তথাকথিত শিক্ষিকা সেই জাতির বিনাশ কেউ আর রোধ করতে পারবে না।,NOT
1166,"আসল কথা হল যে চাকরি পাবে তার মধ্যে সে ট্যালেন্ট আছে কি নেই সেটা দেখার দরকার নেই পার্টি করলেই চাকরি পাওয়া যাবে,, তাহলে আমাদের ভবিষ্যতের বাচ্চারা ফিউচার ডুম নয় ফুটোর ডুম ফুটোর ডুম এটাই শিখবে,,, এইভাবে বাংলা উন্নতি করবে বাঁড়ার বাল করবে",NOT
1167,"এমন নির্বোধ, অহঙ্কারী রাজ্যের চাকরি কারো ব্যক্তিগত আইনি অধিকার। তাহলে বিগত সরকারের কাজের সমালোচনা করার নৈতিক অধিকার কি এই সরকারের নেতা নেত্রীদের আছে কি?",NOT
1168,জাতীয় সংগীত বিকৃতি করাতে আমার সেই মেয়ে দুটির গ্রেফতার এর দাবি তুলেছিলাম সেই রকম এই মেয়েটি কেও অবিলম্বে গ্রেফতার করা হোক।,HOF
1169,"এবার আপনার হাতকড়া পড়া ছবি শিগগির দেয়াল এ লেখা হবে, যদি অমন মানসিকতা পোষণ করে থাকেন আজীবন।।।।",NOT
1170,তোর বাপের চাকরি .খানকির ছেলে.,HOF
1171,ভারতের সরকার পরিবর্তন আনতে হবে তাহলেই ভারতে শান্তি ফিরে আসবে তা না হলে সারা জীবন এইভাবেই চলতেই থাকবে হিন্দু vs মুসলমান,NOT
1172,"ওদের মতবাদ ও আদর্শ ভারতবর্ষের সভ্যতা , সংস্কৃতি, আদর্শ ও সংবিধানের সঙ্গে মেলে না ।",NOT
1173,এদের ভীমরতী দেখে নিব্বা নিব্বা ও লজ্জা পাবে।,NOT
1174,এগুলো কি মহামান্য সুপ্রিম কোর্টের প্রধান বিচারপতি র দৃষ্টিআকর্ষন করেনা😥😥😥,NOT
1175,এনার বাবা চাকরি গুলো কিনে রেখে দিয়েছিল তাই টো তিনি কোটার চাকরির কথা বলছে। নেতাদের কোটার চাকরি তুলে দেওয়া উচিত,NOT
1176,"মুসলিমরা যা করে তাদের ধর্মের স্বার্থের জন্যই করে, এগুলো শুধু তাদের অজুহাত ।।",HOF
1177,"সব ব্যাপারে পারদর্শিনী, বাপ রে বাপ, কত কিছু জানে, উনি এটা ভূলে যান যে, ওনার চেয়ে ভালো জাননেওয়ালাও আছে।",NOT
1178,সত্যিই আপনারা ২ পয়সার মিডিয়া ।চটি চাটুন ভাই কেউ আপনাদের না করবে না ।,HOF
1179,বৈশাখী মনে হচ্ছে দিন দিন কচি খুকি হচ্ছে বয়স তা বাড়ছে লক্ষ্য রাখবেন লজ্জা শরমের মাথা খেয়ে তো বসে আছেন আপনার মতন বেহায়া মেয়েছেলে বোধহয় দুনিয়ায় দেখা যায় না।,HOF
1180,এতদিন গর্তের মধ্যে ঢুকে বসেছিলেন কোনো অন্যায় কাজের প্রতিবাদ করেননি যখন তখন ভালো কাজের প্রতিবাদ করবেন না,HOF
1181,এবিপি আনন্দ খবর সংগ্রহের কাজ ছেড়ে মধুমক্ষির সন্ধানে। এগিয়ে বাংলা এগিয়ে আনন্দ।,HOF
1182,"একটু ধৈয্যধরুন -দেখবেন আগামী লোকসভা ভোটে এরা কংগ্রেসের টিকিট পাবেই | কারো বিরুদ্ধে অভিযোগ আনলেই হয়না , অভিযোগ প্রমান করতে হয় | আর ওদের অভিযোগের ভিত্তিতে তো সুপ্রিমকোর্টের তত্ত্বাবধানে তদন্ত হচ্ছে -তবে দেশের সংসদভবন উদ্বোধনের দিনে বিশৃঙ্খলা তৈরির প্রচেষ্টা কেন ? তবেকি মোদী সরকারের কোনো দুর্নীতির গন্ধ না পেয়ে বিরোধী গোষ্ঠীর নতুন চাপদেওয়ার কৌশল নয় এটা ? এরা অভিযোগ করেছে - কোর্টের নজরদারিতে তদন্ত হচ্ছে , তবে সমস্যা কোথায় ?",NOT
1183,"এখনো জেলে গিয়ে পারেনি বলে আপনার কতা নেকেছেন , জেলে গেনে হুলো টাকে আর নীন নঙে দেকা যেতো নি গো 😭🤣🤣🤣🤣🤣🤣",HOF
1184,এই মালগুলোর জন্য আমাদের ভারতের এই অবস্থা,NOT
1185,নাটকের ডায়ালগ!,NOT
1186,"আসলে সত্যি কথা সবাই হজম করতে পারেনা,,,,,তুমি নিজেই বুঝতে পারছো ,,, আগামী তে আরও ভাল করে বুঝতে পারবে ,,,, একদমই ভয় পাবে না ,,,, এখনও ভালো লোক সমাজে বেঁচে আছে ,,,,, তারা তোমাকে তোমার এই সুন্দর এবং সত্যি কথা শুনে খুব খুশি ,,,,, তারা তোমাকে দুহাতে আশির্বাদ করছে এবং করবে ,,,,,,",NOT
1187,আপনার মতো সবাই যদি ভাবত তাহলে তো কনো পোষ্টেই ফাকা পড়ে থাকতো না। আর সবাই যদি চাকরি করে তাহলে তৃনমূল কে করবে,NOT
1188,যা এইবার চাকরী বাঁচা গিয়ে বদ্জাত।,HOF
1189,"আপনাদের এত সিরিয়াস রিএকশন দিতে হবে না। আমি সাধারণ ক্ষোভ থেকে বলেছি, কিছুই মিন করি নি। ওর সুস্থতা কামনা করছি।",NOT
1190,"নীতিহীন নেতা, চটি চাতার দল",HOF
1191,সোভনবাবু জিনিসটা মদোনদা চুরি করে নিবে সামলে রাখুন👩‍⚖️,NOT
1192,পাবে পাবে সব পাবে । তোমাদের মুখেই তো এই গান মানায়।,NOT
1193,ডিপলি ভেবে দেখোতো এটা কি মানা যায়!😥 এরা আমাদের জনপ্রতিনিধি,NOT
1194,কি! বুধবার ঈদ? ঈদ আগামীকাল মঙ্গলবার। আজ 30টি রোজা পূর্ণ হচ্ছে। অতএব আগামীকাল ঈদ নিয়ে আর কোন জটিলতা রইল না।,NOT
1195,অসাধারণ এই কথোপকথন টা...অনেক কিছু শিখলাম ❤❤,NOT
1196,সোনার বাংলার সোনার ইতিহাস,NOT
1197,"দুটো বুড়ো মোষ, একটি জলহস্তী 👌👌",HOF
1198,"ABP আনন্দ কে ধিক্কার জানাই এই সব চরিত্রহীন আর মাতালদের নিয়ে খবর করার জন্য। ভালো কিছু দেখান, অনেক ভালো লোক আছে তাদের নিয়ে খবর করুন মানুষ ভালো বলবে।",NOT
1199,"সায়নী  ঘোষ কি এমন আন্দোলন করেছেন, যুব তৃনমূল এর সভানেত্রী😅😅😅😅😅😅😅😊😅😅😊😅😅😅😅😅😅😅😅😅এই সব লুজ ক্যারেক্টার, দলের শেষ করে দিলো, ছিঃ",HOF
1200,বরাহনন্দন বলার কি দরকার নেই।,NOT
1201,এদের কি চোখে লজ্জা পটি কিছু নেই,HOF
1202,"দার্শনিক রোদ্দুর রায় কবি মহাকর্মা, সে আসলে একজন মানুষ ধর্মা,",NOT
1203,ঘাস মাখা টা ওই দিন online এ খাইলাম,NOT
1204,আর মেয়ে যখন প্রাপ্তবয়স্ক হয় তখন কিছুটা দূরত্ব বজায় রাখতে হয়।,NOT
1205,পাকা আমের জুস করে তার মধ্যে কটা ফুলুরি দিয়ে প্যাকেট করলে কেমন হয়,NOT
1206,একে কেউ নোবেল দাও।,NOT
1207,ইসসসস।এদের এত পাত্তা দেন কেন।অসভ‍্য,HOF
1208,"একজন Athlete হলো সেই দেশের সম্পদ। এই কথাটা জার্মানি, ফ্রান্সের মতো দেশ বুঝেছে। তারা বুঝেছে কোনো রাজনৈতিক দল প্রতিবছর যাবে ও আসবে কিন্তু দেশকে গোটা পৃথিবীর কাছে তুলে ধরবে এই Athlete রাই, কোনো রাজনৈতিক নেতা নয়। তাই সেই সব দেশে একজন Athlete এর দাম একজন নেতার থেকে অনেক বেশি। তাই তারা এগিয়ে। আমরা তা বুঝিনি। যেই দেশে, এই সব মানুষ গুলোর কোনো দাম নেই সেই দেশের পা দুটো অচল তা বলাই বাহুল্লো....",NOT
1209,এদের লজ্জা ঘৃণা বোধ কিছু নেই। তেমন হয়েছে আমাদের সাংবাদিক,HOF
1210,"আর ওরা করের টাকায় দলের প্রার্থী মনোনয়নের জন্য টাকা উড়িয়ে যাবে, নয় তো বেচে খাবে।",NOT
1211,"নিজের হাতে ইট বয়ে মমতা ব্যানার্জি কত গ্রামের রাস্তা তৈরি করেছিলেন। সত্যিই, এই মেয়েটার কত প্রতিভা। তাও একটুও অহংকার নেই ❤",NOT
1212,বোন আমি এক জন মুসলিম আর আমি জানি মুসলিম ধর্মে কোথাও নেই যে হিন্দু ধর্ম কে অসম্মান করতে। অন্যের ধর্মকে সম্মান করুন তবে নিজের ধর্ম কে দেখবে লোক সম্মান করবে। I ❤️my 🇮🇳🇮🇳🇮🇳🇮🇳,NOT
1213,"লজ্জা এদের নয়,আমাদের লজ্জা এদের কে আমরা নির্বাচন করি।",HOF
1214,দালাল বুদ্ধিবি# গুলোর পকেটে আবার টাকা ঢুকেছে আবার নাটক শুরু।বাংলাদেশ এর দুর্গা প্রতিমা ভাঙা নিয়ে একটা কথাও বলেনি এই দালাল গুলো,HOF
1215,সনাতন ধর্ম বাচলে ওরাও বাইরে। তাই আগে ধর্ম বাচাতে হবে।,NOT
1216,"বাবা মেয়ের কি সুন্দর সম্পর্ক, I'm তো অবাক 🤐, মনে হচ্ছে বাবা জনি দা আর মেয়ে সানি🤐🤐😅😅",HOF
1217,দেওয়ালে মুতা মন্ত্রী।,NOT
1218,হিন্দু ধর্মে মেয়েদেরকে বড়ই স্বাধীনতা দিয়েছে তাই না😁😁😁,NOT
1219,"আমার সাদা মনে দুইখান কোশ্ন আইসে,,, এক. ছোট বাবার মেয়ের ছোট মা কেন ক্যামেরার সামনে এলেন না,, আর দুই. ছোট বাবার মেয়ের আসল মা কি বাড়ি গিয়ে মেয়েকে শুটিয়ে লাল করে দিয়ে ফাজলামো বার করে দিয়েছেন??",HOF
1220,সমাজের দূষিত মানুষদের খবর পরিবেশন করে আপনাদের চ্যানেল ও সমাজের ভীষণ ক্ষতি করেছে।,NOT
1221,লজ্জ্যা নেই কাদের ?যারা এই ধরনের খবর পরিবেশন করে। সমাজের চতুর্থ স্তম্ভের ভূমিকা !!!,HOF
1222,এরা মহা মহা নাটকবাজ। প্রমান থাকলে আদালতে গিয়ে প্রমান দিক। নাটকের প্রয়োজন হবে না। মানুষ ও পাশে থাকবে।,HOF
1223,নীরপেক্ষ তদন্তের জন‍্য প্রভাবশালী পদাধিকারির অপসারণ ও নীরপেক্ষ তদন্ত দরকার।অভিযুক্ত কালপ্রিট বিজেপি নেতা বলে দাঙ্গাবাজ ভুয়ো সংঘর্ষের নায়ক মোদী শাহর নির্দেশে সব সংশ্লিষ্ট বিভাগ এখন বোবা কালা অন্ধ।,HOF
1224,So called শিক্ষা মন্ত্রী,NOT
1225,ABP ANANDA এদের নিয়েই ন্যাকামো করে কেনো ? TRP র জন্য যা ইচ্ছা করতে হবে । ছি ছি ছি,HOF
1226,ছোটলোক নির্লজ্জ কোথাকার.... শিক্ষা মন্ত্রীর হিসাবে কলঙ্ক,HOF
1227,অশিক্ষিত শিক্ষা মন্ত্রী।,HOF
1228,"দেওয়াল লিখন দেখতে পাবেন, পরিনতি দেখে খাবি খাবেন!!!!",NOT
1229,"ঠিক, এবার সবাই দেওয়াল লিখন করবে । তাই স্কুল গুলিতে teacher নিয়োগ বন্ধ রেখেছেন ।",NOT
1230,শুয়োরের পাকোড়া 🤣🤣🤣🤣🤣,HOF
1231,মন্ত্রী দের কোটা হয় নাকি জানাছিল নাতো।,NOT
1232,কে বলল প্রবলেম? গোমাতার সন্তানদের সম্পর্কে এমন কথা বলবেন না।,HOF
1233,আনন্দের পা চাটার একটি নমুনা,HOF
1234,এবিপির মত খারাপ চ্যানেল দুনিয়র একটাও নাই,NOT
1235,"তোমার ভাইপো কে বলো আম doi, আমমিষ্টি বানিয়ে stall দিতে, কেউ যাক বা না যাক আমি kinte যাবো আম মিষ্টি 🐵🐵",NOT
1236,চাকরিটা নেতার বাবার সম্পত্তি তো 😡,HOF
1237,যা নোংরা রাজনীতি করল এই দলটা সত্যিই লজ্জার সীমা শেষ,HOF
1238,"ভোটটাও শুধুমাত্র তাদের থেকে নিন , লজ্জা করেনা আপনাদের",NOT
1239,"আসলে এরা সত্যি অসুখী তাই সুখে আছে এটা মানুষকে দেখাতে চান। আমার তো মনে হয় আর কাউকে নয় শুধুমাত্র রত্না দেবীকে দেখাতে চান।অন্যের ঘর ভেঙে, কারোর স্বামীকে ছিনিয়ে নিয়ে,সন্তানদের কাছ থেকে তাদের বাবাকে ছিনিয়ে নিয়ে কেউ কোনোদিন সুখী হতে পারে না।ঈশ্বর আছেন।এই অন্যায়ের বিচার হবেই।",HOF
1240,"এরকম একজন শক্তিশালী মেয়ে কি করে ধর্ষণের শিকার হয়, তাও আবার কোন প্রমাণ নাই, অভিযোগ নাই। শুধু রাস্তায় নেমে হৈচৈ!",HOF
1241,"প্রোপাগান্ডায় মজা বেশি, কিছু উপরিও পাওয়া যায় সেটার প্রচারণায়। বাট এসবে লস ছাড়া কিছু নাই",NOT
1242,সত্যি খুব জ্বালাতন করত,NOT
1243,তেনারা ব্রীজ ভুষণের গর্বে গর্বিত।,NOT
1244,"ABP আনন্দর চটি চাটতে চাটতে আজ এই অবস্থা । এগুলোও এখন খবর হয় ভাবা যায়।এবিপি আনন্দের রিপোর্টার ও মডারেটর কে একটি ভয়ঙ্কর গালি দিচ্ছি,বলছি যেটা এই পৃথিবীতে সবথেকে জঘন্য গালি সেটা আপনারা নিয়ে নেবেন দয়াকরে।",HOF
1245,এমন শিক্ষা মন্তির মুখে জুতা মারা দরকার। এদের জন্য পশ্চিমবঙ্গে কোনো উন্নতি হচ্ছে না।,HOF
1246,"যারা নিজেরা এমন ইন্ডাস্ট্রিতে কাজ করে পয়সা কামায়,যেখানে এইসব রেগুলার কালচার। তারা ভারতের সৈনিকদের ধর্ষক বলছেন কি অবস্থা এই দেশের।",HOF
1247,ঢ্যামনা আর ঢ্যামনী দের বেহাল্লাপনা দেখার আদর্শ মঞ্চ।,HOF
1248,নচ্ছারগুলো নষ্টামি 🤮,HOF
1249,একটা পাকা গানডু এটি শিক্ষা মন্ত্রী দূর করে দে একে,HOF
1250,এই শুয়োরের বাচ্চা কি নিজের বাপের ঘর থেকে চাকরি দিচ্ছে 😠😠😠😠😠,HOF
1251,আজকাল দেখছি কিছু কিছু গাছপাঁঠা রাস্তা ঘাটে ঘুরে বেড়াচ্ছে!,NOT
1252,"এই মন্তব্যে যারা রাজনীতি খোঁজার চেষ্টা করেছে তারা আর যাই হোক এই দেশ কিংবা রাজ্য কোনোটাই ভালো বাসেনা,, সবেতেই তারা স্বার্থ খুঁজে বেড়ায়।এটাতো একটা স্পষ্ট ধারণা যা সবাই বলতে পারেনা,,সব থেকে বড় কথা হল তুমি উচ্চ শিক্ষিত হয়ে যখন ফোর পাশ করা নেতার সুপারিশের আশায় থাকবে সেটা এই সমাজে যন্ত্রনা ছাড়া আর কিছু নয়।",NOT
1253,পুরো পশ্চিম বঙ্গের কোন খেলোয়াড় নাই 🐂🐄🐃🐐🤪,NOT
1254,"BSFএর ক্ষমতা বৃদ্ধি তে গাত্রদহন হওয়ার কোনো কারণ নেই,পুলিশ ই বা কোন ভালো রেখেছে,সাধারণ মানুষকে?smuggling, illegal trespassing, fake currency, drugs trading সবই অবাধে চলছিল।bsf ধোয়া তুলসীপাতা নয়।কিন্তু এর শেষ হওয়াটা সরকার।",NOT
1255,আরে জেলা সভাপতির কি দোষ। মোদি শাহরা আগে থেকে সেটিং করে মমতাকে মুখ্যমন্ত্রী বানিয়েছেন। নন্দীগ্রামে হেরেও মমতাকে মুখ্যমন্ত্রী করেছে স্পেশাল সেটিং করে,NOT
1256,শোভনদা কিন্তু চিন্তায় পরে গেলো চুল্লু মদন আসায়।,NOT
1257,এই আনন্দটা অনাবিল সবাই বুঝবে না😜,NOT
1258,এবার মা কে হয়তো বিয়ে করবে। যেমন মা তার তেমন ছেলে।,HOF
1259,"অতিরিক্ত অহং বোধ এর্,",NOT
1260,রাজনীতি আর দেশের স্বার্থে কিছু করার মধ্যে পার্থক্য আছে। হয়তো পোস্টদাতার মানসিক সমস্যা জনিত রোগের কারণে তা বুঝতে পারে নাই।,HOF
1261,পশ্চিমবঙ্গের সেই নির্লজ্জ জুটি।,HOF
1262,"অসাধারণ তুমি 🥰 শিক্ষা যেমন মার্জিত হতে শেখায় তেমন প্রতিবাদ করতে‌ও শেখায়.....তোমার মধ্যে দুটোই আছে। অনেক বড় হ‌ও, অনেক শুভেচ্ছা রইল তোমার বর্তমান ও আগমীর‌ জন্য ।",NOT
1263,ভুল করে হলেও ভাটাংশু সত্যি কথাই বলে ফেলেছে।এটাই শেষ ২১/০৭/২৩ এরপর ভাইপো সুপ্রিম নেত্রীর দৌড়ঝাঁপ বন্ধ হয়ে যাবে।,HOF
1264,"চাকরিটা সবার জন্য যাদের যোগ্যতা আছে, আপনার পৈতৃক সম্পত্তি নয় যে আপনি আপনার মন পছন্দ লোককে দেবেন,",NOT
1265,তোর ভাষা তোর পরিচয় বলে দিচ্ছে।,NOT
1266,এরপর চাঁদ তারপর মঙ্গল গ্রহে 😃,NOT
1267,অভিনেতা কে শিক্ষা মন্ত্রী করলে এই রকম অভিনয় দেখবেন।,NOT
1268,"অনির্বানের অভিনয়ের একজন বড়ো ভক্ত আমি। অভিনয়ে এতটা মেধা,পরিশ্রম ও ভাবনা বিনিয়োগ অন্য কোন অভিনেতা করেন ব'লে আমার মনে হয় না।দারুন গুনী শিল্পী। এই কথোপোকথনে শ্রী অর্ক খুবই ভালো প্রশ্ন করলেন! খুবই ভালো লাগলো।।",NOT
1269,প্রত্যেকটা মানুষের ঠিক এইভাবে প্রতিবাদ করা উচিত যে কোন দলই হোক না কেন সিনিয়ররা মজা মারবে কর্মীরা মার খাবে এটা হয় না।,HOF
1270,একজন প্রকৃত মুসলমানের উচিত কোনো ধর্মকে ছোট করা নয় বরং সব ধর্মকেই শ্রদ্ধা করা।,NOT
1271,"এইসব মন্ত্রীদের জ্বালায় দিদির পার্টি শেষ হয়ে যাবে, সিক্রেট কথাগুলো ওপেন করো আর নিজেদের বাস নিজের হাতে নিয়ে ঘুর",NOT
1272,না থাকাটাই স্বাভাবিক জাস কমিটির উপর ভরসা নাই কেন সুপ্রিম কোর্ট হাইকোর্টের উপরে এদের ভরসা নেই কেন তদন্ত কমিটি গঠন হয়েছে তার উপরে এদের ভরসা নেই কেন এদের যত ভরসা সব হরিয়ানার খাপ পঞ্চায়েতের উপর তাই নয় কি? যার বিরুদ্ধে জঘন্য অভিযোগেরা এনেছে তার প্রমাণ হতে দিক?? কুস্তিটা এদের পৈতৃক সম্পত্তি নয় গোটা ভারতবর্ষের খেলোয়াড়রা অংশগ্রহণ করবে।। এদের ট্রায়ালে অংশগ্রহণ করতে আপত্তি কিসের সমস্ত ক্ষমতায় একটি পরিবারের হাতে কেন্দ্রীভূত করতে চাইছে এরা,NOT
1273,বিশ্বের জঘন্যতম ও আকাট শিক্ষামন্ত্রী হিসাবে নিজেই প্রমান করলেন । কত হারাম কি কামাই হলে এই অবস্থানে আসতে হয়েছে।,HOF
1274,এরাই নাকি ভদ্রলোক বুদ্ধিজীবী এদের জ্ঞান টনটন করছে শালা উলঙ্গ হয়ে ঘুরে বেড়া লজ্জাবোধ নেইএদের। বাংলাদেশ এতগুলো দাঙ্গা হলো এতগুলো প্রাণ সংশয় হলো একটা ধর্মের ওপর নির্মম অত্যাচার করল মৌলবাদীদরা তখন এদের মুখ দেখা যায় নী‌ এদের মুখ কি সুন্দর এখন বের করেছে মুখ গুলো খুবই সুন্দরী মুখ সবার পছন্দ হবে । মুখে নোংরা ছিটিয়ে মার এসব ইতর বিশেষ প্রাণীদের জন্ম রহস্যে মোড়া।,NOT
1275,"মাননীয় অধ্যক্ষ মহাশয় এই কথা টা বলে বাবা ও মেয়ের পবিত্র সম্পর্ক টাকে বদনাম করবেন না,, লজ্জা থাকা দরকার আপনার,, বাড়িতে আপনার মেয়ের সঙ্গে এই রকম করেন নাকি,,",HOF
1276,কি করে খুঁজে পাবেন.. সবাই যে নিজেকে নিয়েই ব্যস্ত 😂 দেশের বিভিন্ন বিষয়ের প্রথম সারির নায়ক দের কথা ভাবুন তেনারা সুযোগ সুবিধা নিতে ব্যস্ত তাই তাদের খুঁজে পাওয়া যাচ্ছে না .. আর রইল দেশের ১৪০ কোটি মানব তেনারা তো এই গরমে পাকা আম লিচু কলা খেতেই ব্যস্ত 😂😂😂,HOF
1277,নামতেই পারে......🤔মানুষ কত নিচে নেমে যাচ্ছে ঠিক নেই আর আপনি IPL নিয়ে পরে আছেন....🙇‍♂,NOT
1278,"আমার প্রশ্ন, একজন কুস্তিগীর মহিলাকে গ্রেফতার করার জন্য ১০ জন পুলিশ কর্মির প্রয়োজন হচ্ছে, সেখানে একজন ৬৫ বছরের বুজুর্গ কীভাবে রেপ করতে পারে। এত training করে কুস্তিগীর হয়ে কি লাভ, যে নিজের সুরক্ষা নিজে করতে পারে না।",HOF
1279,"প্রধান শিক্ষিকা, সমাজ তৈরির কারিগর সৎ নিষ্ঠাবান এই সব মানুষ এদের দেখলেই মাথা নত হয়ে আসে। এই সব মানুষ কে কি ডাকা উচিত,? নয় একটু অসৎ কিছু করেছেন। তাই বলে এই সব সৎ নিষ্ঠাবান মানুষ কে ডাকা উচিত?",NOT
1280,আমাদের দূর্ভাগ্য ইনি আমাদের শিক্ষা মন্ত্রী।,NOT
1281,এ রকম ছাগল থাকলে শিক্ষা কোন উন্নতি হবে না,NOT
1282,ফালতু বকা বন্ধ করুন। , HOF
1283,থানা কে আমার বাড়িতে আসতে বলব , HOF
1284,বন্ধু আপনি কি পুলিশ, আপনার কথা শুনে আপনার সঙ্গে আমার কথা বলতে খুবই ইচ্ছা , NOT
1285,বাংলাদেশ ধান্দাবাজি পুলিশ 🤦। এদের মানুষ ঘিন্না করে ,এদের মানুষ ভয় পায় না। ☠️⚔️,HOF
1286,একটা নতুন আয়িন বানানো হুক জেখানে লেখা হবে গরিপের কুনো বিচার হবেনা এই দেশে,HOF
1287,আসল কথা,,, পুলিশ ডাকলে,, কপালে ,HOF
1288,ইন্ডিয়া, বাংলাদেশ, পাকিস্তানের পুলিশ কি কখনো মানুষ হবে না !HOF
1289,এইসব কিছুই না.. শুধু আপনার কাছে টাকা থাকতে হবে...টাকা থাকলে ওই পুলিশ ফাঁড়ি কেও কেনা যায়।,HOF
1290,সব থেকে বেশি মিথ্যা মামলা পুলিশ তো করেই কিন্তু উকিল সাহেব আপনারা তো করেন আপনার একটু শুধরান,HOF
1291,ভালো পরামর্শ হয় সুন্দর করে বোঝানোর জন্য ❤️❤️,NOT
1292,এগুলো বালের কথা কাজের কিছু হয় না।,HOF
1293,পুলিশ নাকি জনগণের বন্ধু?,HOF
1294,কি করছো তুমি,NOT
1295,দাদা আপনার ফোন নাম্বার দেন একটা কথা আছে,NOT
